--
-- PostgreSQL database dump
--

\restrict XQTYiakYIBqF3gCp6qgeGjA6fzOmMsE4C6SqPrLhp2F13qQg5qdvQOa8yg2hTtw

-- Dumped from database version 16.13 (Debian 16.13-1.pgdg13+1)
-- Dumped by pg_dump version 16.13 (Debian 16.13-1.pgdg13+1)

SET statement_timeout = 0;
SET lock_timeout = 0;
SET idle_in_transaction_session_timeout = 0;
SET client_encoding = 'UTF8';
SET standard_conforming_strings = on;
SELECT pg_catalog.set_config('search_path', '', false);
SET check_function_bodies = false;
SET xmloption = content;
SET client_min_messages = warning;
SET row_security = off;

--
-- Name: public; Type: SCHEMA; Schema: -; Owner: affkit
--

-- *not* creating schema, since initdb creates it


ALTER SCHEMA public OWNER TO affkit;

--
-- Name: SCHEMA public; Type: COMMENT; Schema: -; Owner: affkit
--

COMMENT ON SCHEMA public IS '';


SET default_tablespace = '';

SET default_table_access_method = heap;

--
-- Data for Name: campaigns; Type: TABLE DATA; Schema: public; Owner: affkit
--

COPY public.campaigns (id, user_id, name, description, start_date, end_date, is_archived, created_at, updated_at, is_deleted, deleted_at) FROM stdin;
5f4c7355-a135-4446-aba9-91c8d44f2512	a25da581-9ed6-4244-a19c-302840bfb4f5	Sale 4/2026	Campaign sale th├íng 4	\N	\N	f	2026-04-08 15:50:23.876026+00	2026-04-08 15:50:23.876026+00	f	\N
02bb9cd2-9963-4304-892c-ed4a1e54c5e4	18338ff9-86a8-4ec2-8459-0c8cadc7adc1	sale 12/12 dß╗ïp cuß╗æi n─âm	\N	\N	\N	f	2026-04-14 02:37:39.645216+00	2026-04-14 02:37:39.645216+00	f	\N
f7517dca-3ab7-4abe-a4c7-f47dcc4b4d48	a25da581-9ed6-4244-a19c-302840bfb4f5	Sale 4/2026	Campaign sale th├íng 4	\N	\N	f	2026-04-14 03:46:33.131166+00	2026-04-14 03:46:33.131166+00	f	\N
3e4f52cb-1bfb-404f-a566-353a1208a008	18338ff9-86a8-4ec2-8459-0c8cadc7adc1	Sale 11/11 shoppe mß╗½ng sinh nhß║¡t	\N	\N	\N	f	2026-04-19 15:53:06.132695+00	2026-04-19 15:53:06.132695+00	f	\N
90bc1f91-174a-4283-8edc-d85b99c25c9c	18338ff9-86a8-4ec2-8459-0c8cadc7adc1	Sale 11/11 shoppe mß╗½ng sinh nhß║¡t	\N	\N	\N	f	2026-04-14 02:36:49.865564+00	2026-04-19 15:53:20.968693+00	t	2026-04-19 15:53:20.966038+00
\.


--
-- Data for Name: email_tokens; Type: TABLE DATA; Schema: public; Owner: affkit
--

COPY public.email_tokens (id, user_id, token, type, is_used, expires_at, created_at) FROM stdin;
2fc44489-d5cb-4969-995e-d1d4ddf59433	18338ff9-86a8-4ec2-8459-0c8cadc7adc1	2d8b865e-0f62-498d-b2db-a7a589b86973	EMAIL_VERIFY	f	2026-04-09 15:24:47.942944+00	2026-04-08 15:24:47.943945+00
7cf8dd28-7f19-486b-a697-faf33d3dd880	18338ff9-86a8-4ec2-8459-0c8cadc7adc1	eb7fda72-3901-4876-b2a4-54f7dcad13ee	PASSWORD_RESET	f	2026-04-18 10:50:46.166377+00	2026-04-18 09:50:46.166377+00
55531dc6-3c93-4a78-9d90-0ef145fed9ba	18338ff9-86a8-4ec2-8459-0c8cadc7adc1	ed27d629-3b1a-4255-b111-3640a8aae311	PASSWORD_RESET	t	2026-04-18 11:05:26.050504+00	2026-04-18 10:05:26.050504+00
101f4b0a-a2b4-4c12-a1fe-d186e2c2d736	ea168138-03d6-41aa-9253-f8bd46f2e267	2b767389-aa52-4970-94d1-01a67adaff25	EMAIL_VERIFY	t	2026-04-20 12:29:27.904639+00	2026-04-19 12:29:27.904639+00
28956d91-d0bd-466a-8f16-7c9e92b431b9	ea168138-03d6-41aa-9253-f8bd46f2e267	9a89eb8c-21de-4086-9f29-426fdec74ed5	EMAIL_VERIFY	t	2026-04-20 12:27:15.387193+00	2026-04-19 12:27:15.387193+00
d6916e45-7cba-4ec6-8c84-319a89fe2955	2c9a1f39-e666-4a6e-9ccf-1b05c95929a4	740b5e1f-35b4-4ed1-83c3-332410b44948	EMAIL_VERIFY	t	2026-04-20 12:39:56.368506+00	2026-04-19 12:39:56.368506+00
0fc7912b-7ea6-4578-a25b-6f676ef45b21	3b83d2a3-fdc3-4162-9c05-cd58e9e7cff8	4d7cdcf4-fb6a-4f4f-95b3-20a6a86910ef	EMAIL_VERIFY	t	2026-04-20 12:47:12.28785+00	2026-04-19 12:47:12.28785+00
\.


--
-- Data for Name: flyway_schema_history; Type: TABLE DATA; Schema: public; Owner: affkit
--

COPY public.flyway_schema_history (installed_rank, version, description, type, script, checksum, installed_by, installed_on, execution_time, success) FROM stdin;
1	1	create users table	SQL	V1__create_users_table.sql	1077977567	affkit	2026-04-08 13:08:22.454373	10	t
2	2	create user sessions table	SQL	V2__create_user_sessions_table.sql	-992754051	affkit	2026-04-08 13:08:22.485825	8	t
3	3	create email tokens table	SQL	V3__create_email_tokens_table.sql	1264302963	affkit	2026-04-08 13:08:22.507344	6	t
4	4	create campaigns table	SQL	V4__create_campaigns_table.sql	1938011704	affkit	2026-04-08 13:08:22.522513	8	t
5	5	create links table	SQL	V5__create_links_table.sql	-1218277902	affkit	2026-04-08 13:08:22.540901	9	t
6	6	create link tags table	SQL	V6__create_link_tags_table.sql	-408873920	affkit	2026-04-08 13:08:22.558476	6	t
8	8	create indexes	SQL	V8__create_indexes.sql	1967840680	affkit	2026-04-08 13:08:22.58773	22	t
7	7	create link clicks table	SQL	V7__create_link_clicks_table.sql	-1687715585	postgres	2026-04-08 13:52:19.632956	10	t
\.


--
-- Data for Name: link_clicks; Type: TABLE DATA; Schema: public; Owner: affkit
--

COPY public.link_clicks (id, link_id, clicked_at, source, referrer, ip_hash, user_agent, device_type, country, is_bot) FROM stdin;
1	7216af92-1136-48cb-9ffa-31fa9bdc6ef6	2026-04-08 15:11:14.585211+00	DIRECT	\N	4c8fa57b796852aec2e00e3fe2f866987e0e6f13d0c63f3325a290fd268adf35	PostmanRuntime/7.51.1	DESKTOP	\N	f
2	8edc4c95-01aa-4a12-84e6-d3003ee872d8	2026-04-10 05:46:14.419862+00	DIRECT	\N	9ff8d83900e24b4c42c6f1e2d413ca1b3de8cb7609d282c9f852ad97151e8df8	Mozilla/5.0 (Windows NT 10.0; Win64; x64) AppleWebKit/537.36 (KHTML, like Gecko) Chrome/146.0.0.0 Safari/537.36	DESKTOP	\N	f
3	7216af92-1136-48cb-9ffa-31fa9bdc6ef6	2026-04-14 03:42:00.304897+00	DIRECT	\N	59d1dc143af0e99496a5a6d95605c8d36efddb5bea7a3bea83fdb8806309ed28	PostmanRuntime/7.51.1	DESKTOP	\N	f
4	7216af92-1136-48cb-9ffa-31fa9bdc6ef6	2026-04-14 03:46:04.582393+00	DIRECT	\N	59d1dc143af0e99496a5a6d95605c8d36efddb5bea7a3bea83fdb8806309ed28	PostmanRuntime/7.51.1	DESKTOP	\N	f
\.


--
-- Data for Name: link_tags; Type: TABLE DATA; Schema: public; Owner: affkit
--

COPY public.link_tags (id, link_id, tag, created_at) FROM stdin;
44b92a45-9a5d-44a2-943b-844564edc106	6d0be0fd-0f8d-4fbd-9eaa-38568e5914c7	sale	2026-04-08 14:03:36.914784+00
121736e4-e5ee-4719-948a-873ccdf0bd94	6d0be0fd-0f8d-4fbd-9eaa-38568e5914c7	shopee	2026-04-08 14:03:36.916354+00
8d60c081-b34d-4610-a68f-e2c684a41e95	27583ec7-734a-42e5-9a5c-90d72dde6efe	sale	2026-04-08 14:48:48.989604+00
c7416b5e-7bde-4465-8c02-d8cc87d032e4	27583ec7-734a-42e5-9a5c-90d72dde6efe	shopee	2026-04-08 14:48:48.991156+00
04de1cc1-1eca-497e-9888-fead8124bc7a	bce02155-f877-41f4-b7c4-cceb102ae1c4	sale	2026-04-08 14:59:36.036961+00
603a79ed-f0e3-42d3-974c-f6c586d2d125	bce02155-f877-41f4-b7c4-cceb102ae1c4	shopee	2026-04-08 14:59:36.038581+00
472476c1-d2bf-4c17-a3ee-5770cba09ffb	f31674c2-7175-4a8e-89a6-7abe7928573c	sale	2026-04-08 14:59:44.551038+00
9227b7cd-cfc5-4f40-a90b-70c29e48b8e2	f31674c2-7175-4a8e-89a6-7abe7928573c	shopee	2026-04-08 14:59:44.552079+00
cf525466-af9f-4ff0-9c12-3cff769ca4f7	dfe7a9da-020d-48da-b2ac-424ca8282419	sale	2026-04-08 15:00:00.580049+00
8a6003f8-ff05-459c-b521-30c2ccba18b1	dfe7a9da-020d-48da-b2ac-424ca8282419	shopee	2026-04-08 15:00:00.581606+00
9e243149-1db7-4be3-bc92-ff67507c3ad7	d96d2342-e9f4-4c48-9544-870f08659c6a	sale	2026-04-08 15:00:03.283826+00
f6b0149c-f208-4084-8173-71cc4ed920f7	d96d2342-e9f4-4c48-9544-870f08659c6a	shopee	2026-04-08 15:00:03.284868+00
e244ef01-b646-4e6b-b76d-e6edbcfc5796	4136094e-b40f-4ac4-a187-fc51f0bd8ec4	sale	2026-04-08 15:01:33.595371+00
4550358d-5654-4c6e-a5c6-a373051a2a14	4136094e-b40f-4ac4-a187-fc51f0bd8ec4	shopee	2026-04-08 15:01:33.59589+00
71bd29c7-2cd9-4023-a6b7-11a0ae1e3632	e521b32b-e6d6-4f91-b8ae-50be3089b0e3	sale	2026-04-08 15:03:22.914049+00
9ae362fb-a7f4-47e4-a0be-5976fa08422b	e521b32b-e6d6-4f91-b8ae-50be3089b0e3	shopee	2026-04-08 15:03:22.91457+00
d2dbbc60-52e5-46f9-b2f6-6ac0a1ffaba6	e1c56dfa-a047-476a-8272-f476c23fff21	sale	2026-04-08 15:05:02.854161+00
3eb80656-7e5b-4452-9977-a1408b0ce21d	e1c56dfa-a047-476a-8272-f476c23fff21	shopee	2026-04-08 15:05:02.856251+00
12f76250-45c2-40ee-8019-2f11650d19d8	7216af92-1136-48cb-9ffa-31fa9bdc6ef6	sale	2026-04-08 15:11:03.21084+00
c29e7675-f5d0-435c-b6f3-a940e96107c9	7216af92-1136-48cb-9ffa-31fa9bdc6ef6	shopee	2026-04-08 15:11:03.212403+00
\.


--
-- Data for Name: links; Type: TABLE DATA; Schema: public; Owner: affkit
--

COPY public.links (id, user_id, campaign_id, original_url, short_code, title, platform, click_count, is_deleted, deleted_at, created_at, updated_at) FROM stdin;
6d0be0fd-0f8d-4fbd-9eaa-38568e5914c7	a25da581-9ed6-4244-a19c-302840bfb4f5	\N	https://shopee.vn/product/ao-thun/i.123.456	WToQUy	Test link Shopee	SHOPEE	0	f	\N	2026-04-08 14:03:36.912713+00	2026-04-08 14:03:36.912713+00
27583ec7-734a-42e5-9a5c-90d72dde6efe	a25da581-9ed6-4244-a19c-302840bfb4f5	\N	https://shopee.vn/product/ao-thun/i.123.456	wUuhqQ	Test link Shopee	SHOPEE	0	f	\N	2026-04-08 14:48:48.989087+00	2026-04-08 14:48:48.989087+00
bce02155-f877-41f4-b7c4-cceb102ae1c4	a25da581-9ed6-4244-a19c-302840bfb4f5	\N	https://shopee.vn/product/ao-thun/i.123.456	TGWWi8	Test link Shopee	SHOPEE	0	f	\N	2026-04-08 14:59:36.035962+00	2026-04-08 14:59:36.035962+00
f31674c2-7175-4a8e-89a6-7abe7928573c	a25da581-9ed6-4244-a19c-302840bfb4f5	\N	https://shopee.vn/product/ao-thun/i.123.456	mpg8iG	Test link Shopee	SHOPEE	0	f	\N	2026-04-08 14:59:44.550521+00	2026-04-08 14:59:44.550521+00
dfe7a9da-020d-48da-b2ac-424ca8282419	a25da581-9ed6-4244-a19c-302840bfb4f5	\N	https://shopee.vn/product/ao-thun/i.123.456	VjKFUE	Test link Shopee	SHOPEE	0	f	\N	2026-04-08 15:00:00.580049+00	2026-04-08 15:00:00.580049+00
d96d2342-e9f4-4c48-9544-870f08659c6a	a25da581-9ed6-4244-a19c-302840bfb4f5	\N	https://shopee.vn/product/ao-thun/i.123.456	ai5juk	Test link Shopee	SHOPEE	0	f	\N	2026-04-08 15:00:03.283306+00	2026-04-08 15:00:03.283306+00
4136094e-b40f-4ac4-a187-fc51f0bd8ec4	a25da581-9ed6-4244-a19c-302840bfb4f5	\N	https://shopee.vn/product/ao-thun/i.123.456	nAwavG	Test link Shopee	SHOPEE	0	f	\N	2026-04-08 15:01:33.594853+00	2026-04-08 15:01:33.594853+00
e521b32b-e6d6-4f91-b8ae-50be3089b0e3	a25da581-9ed6-4244-a19c-302840bfb4f5	\N	https://shopee.vn/product/ao-thun/i.123.456	eyYaSd	Test link Shopee	SHOPEE	0	f	\N	2026-04-08 15:03:22.913541+00	2026-04-08 15:03:22.913541+00
e1c56dfa-a047-476a-8272-f476c23fff21	a25da581-9ed6-4244-a19c-302840bfb4f5	\N	https://shopee.vn/product/ao-thun/i.123.456	4zpt58	Test link Shopee	SHOPEE	0	f	\N	2026-04-08 15:05:02.853639+00	2026-04-08 15:05:02.853639+00
7216af92-1136-48cb-9ffa-31fa9bdc6ef6	a25da581-9ed6-4244-a19c-302840bfb4f5	\N	https://shopee.vn/product/ao-thun/i.123.456	VHGmEd	Test link Shopee	SHOPEE	0	f	\N	2026-04-08 15:11:03.209808+00	2026-04-08 15:11:03.209808+00
8edc4c95-01aa-4a12-84e6-d3003ee872d8	18338ff9-86a8-4ec2-8459-0c8cadc7adc1	\N	https://shopee.vn/product/123456	K9Rt9Z	Test link Shopee new	SHOPEE	0	f	\N	2026-04-10 05:45:13.770102+00	2026-04-18 06:13:42.030073+00
\.


--
-- Data for Name: user_sessions; Type: TABLE DATA; Schema: public; Owner: affkit
--

COPY public.user_sessions (id, user_id, refresh_token, device_info, ip_address, is_revoked, expires_at, last_used_at, created_at) FROM stdin;
f7fd8227-9f49-456d-9bc2-5fed60883def	a25da581-9ed6-4244-a19c-302840bfb4f5	8b5524d3-f448-4785-8a17-a70e4dc1473a	Mozilla/5.0 (Windows NT 10.0; Win64; x64) AppleWebKit/537.36 (KHTML, like Gecko) Chrome/146.0.0.0 Safari/537.36	0:0:0:0:0:0:0:1	f	2026-04-15 06:10:42.835931+00	2026-04-08 06:10:42.835931+00	2026-04-08 06:10:42.835931+00
329f5ad1-a267-422d-9964-55c8990154ff	a25da581-9ed6-4244-a19c-302840bfb4f5	678bcee8-c536-4361-94cb-c3e76599cd79	Mozilla/5.0 (Windows NT 10.0; Win64; x64) AppleWebKit/537.36 (KHTML, like Gecko) Chrome/146.0.0.0 Safari/537.36	0:0:0:0:0:0:0:1	f	2026-04-15 06:15:18.836483+00	2026-04-08 06:15:18.836483+00	2026-04-08 06:15:18.836483+00
12330901-ab69-47fa-9a1d-dbdd6f1ec311	a25da581-9ed6-4244-a19c-302840bfb4f5	eb5b7724-cf8f-49b0-81bb-29878e608746	Mozilla/5.0 (Windows NT 10.0; Win64; x64) AppleWebKit/537.36 (KHTML, like Gecko) Chrome/146.0.0.0 Safari/537.36	0:0:0:0:0:0:0:1	f	2026-04-15 06:25:23.119567+00	2026-04-08 06:25:23.119567+00	2026-04-08 06:25:23.119567+00
38d625ab-1a58-4e65-9bf5-f3dc32ed3eb9	a25da581-9ed6-4244-a19c-302840bfb4f5	be3babe6-bdf9-444e-b9e4-f84d40399d1e	Mozilla/5.0 (Windows NT 10.0; Win64; x64) AppleWebKit/537.36 (KHTML, like Gecko) Chrome/146.0.0.0 Safari/537.36	0:0:0:0:0:0:0:1	f	2026-04-15 06:35:20.952502+00	2026-04-08 06:35:20.952502+00	2026-04-08 06:35:20.952502+00
02cdecd8-b0d7-4574-bb03-6965118b7143	a25da581-9ed6-4244-a19c-302840bfb4f5	3372e553-d3f6-4d8d-ba97-a2c83ee0f0f2	Mozilla/5.0 (Windows NT; Windows NT 10.0; en-US) WindowsPowerShell/5.1.19041.6456	0:0:0:0:0:0:0:1	f	2026-04-15 06:38:22.038155+00	2026-04-08 06:38:22.038155+00	2026-04-08 06:38:22.038155+00
8a77081e-78dd-4a72-ae3b-38f6ce159659	a25da581-9ed6-4244-a19c-302840bfb4f5	049b9142-ba9d-413d-a2a8-0b02e30ac507	Mozilla/5.0 (Windows NT; Windows NT 10.0; en-US) WindowsPowerShell/5.1.19041.6456	0:0:0:0:0:0:0:1	f	2026-04-15 06:39:40.938495+00	2026-04-08 06:39:40.938495+00	2026-04-08 06:39:40.938495+00
034b923f-b400-4999-b59c-9edf44ce5af0	a25da581-9ed6-4244-a19c-302840bfb4f5	c079440a-d286-4f49-8c8e-3b36be0b4a70	Mozilla/5.0 (Windows NT; Windows NT 10.0; en-US) WindowsPowerShell/5.1.19041.6456	0:0:0:0:0:0:0:1	t	2026-04-15 06:39:23.395992+00	2026-04-08 06:39:23.395992+00	2026-04-08 06:39:23.395992+00
54889761-7173-4fc5-af02-d6c5f050c25e	a25da581-9ed6-4244-a19c-302840bfb4f5	0173b4cb-f317-4b11-b4e4-5b282764c49a	PostmanRuntime/7.51.0	0:0:0:0:0:0:0:1	t	2026-04-15 06:43:39.402214+00	2026-04-08 06:43:39.402214+00	2026-04-08 06:43:39.402214+00
f303bdaa-1df6-4a43-a245-f4a12ce02a39	a25da581-9ed6-4244-a19c-302840bfb4f5	50420c94-a447-4776-9e46-f2c3e014290e	PostmanRuntime/7.51.0	0:0:0:0:0:0:0:1	t	2026-04-15 06:44:37.726996+00	2026-04-08 06:44:37.726996+00	2026-04-08 06:44:37.726996+00
1ae0743e-eb5a-4f56-a7b2-6ebd489dccb4	a25da581-9ed6-4244-a19c-302840bfb4f5	d55ec216-baf8-4225-a7d6-f15d0ca673e8	PostmanRuntime/7.51.0	0:0:0:0:0:0:0:1	f	2026-04-15 06:47:28.643303+00	2026-04-08 06:47:28.643303+00	2026-04-08 06:47:28.643303+00
af04255a-475d-4535-8753-688ce0f28bfb	a25da581-9ed6-4244-a19c-302840bfb4f5	d6ebb9eb-2190-4b94-b2e3-5f511a07d7e6	PostmanRuntime/7.51.1	0:0:0:0:0:0:0:1	f	2026-04-15 13:58:43.492841+00	2026-04-08 13:58:43.492841+00	2026-04-08 13:58:43.492841+00
55368a71-1688-4a99-9954-83d88acc66ad	a25da581-9ed6-4244-a19c-302840bfb4f5	074a6e73-9492-4619-8fef-3a1e055057f2	PostmanRuntime/7.51.1	0:0:0:0:0:0:0:1	f	2026-04-15 14:02:36.937559+00	2026-04-08 14:02:36.937559+00	2026-04-08 14:02:36.937559+00
bc794686-ab68-44a1-bb49-2f1e4b3ce6b2	a25da581-9ed6-4244-a19c-302840bfb4f5	b05d6605-8ef1-449d-a253-f1758d9053a0	PostmanRuntime/7.51.1	0:0:0:0:0:0:0:1	f	2026-04-15 14:48:26.587354+00	2026-04-08 14:48:26.587354+00	2026-04-08 14:48:26.587354+00
74b5839b-b3db-468a-ae98-5a34928cfe22	a25da581-9ed6-4244-a19c-302840bfb4f5	5b6d16e2-3329-457f-a02f-a5228f5dd686	PostmanRuntime/7.51.1	0:0:0:0:0:0:0:1	f	2026-04-15 15:04:46.927914+00	2026-04-08 15:04:46.927914+00	2026-04-08 15:04:46.927914+00
cc450feb-51e2-4625-9e85-d3bd3dbb95e0	a25da581-9ed6-4244-a19c-302840bfb4f5	d13c170d-668b-40be-9cac-fa885cabbfb2	PostmanRuntime/7.51.1	0:0:0:0:0:0:0:1	f	2026-04-15 15:10:18.650346+00	2026-04-08 15:10:18.650346+00	2026-04-08 15:10:18.650346+00
0945b508-472a-4ab6-b359-2d982a557af4	a25da581-9ed6-4244-a19c-302840bfb4f5	74c686fd-0d97-4ff0-9290-6e7b023a7b38	PostmanRuntime/7.51.1	0:0:0:0:0:0:0:1	f	2026-04-15 15:49:49.952536+00	2026-04-08 15:49:49.952536+00	2026-04-08 15:49:49.952536+00
f20d4e17-4e13-441a-96d1-a24156c4c750	a25da581-9ed6-4244-a19c-302840bfb4f5	6e0b4b01-abc7-4e04-92d1-c7431a87e25b	PostmanRuntime/7.51.1	0:0:0:0:0:0:0:1	f	2026-04-16 05:45:05.221145+00	2026-04-09 05:45:05.221145+00	2026-04-09 05:45:05.221145+00
fe011231-d0bf-4693-a64b-fd7a284165d4	a25da581-9ed6-4244-a19c-302840bfb4f5	dbef0c79-685f-430c-9859-d5276d275580	Mozilla/5.0 (Windows NT 10.0; Win64; x64) AppleWebKit/537.36 (KHTML, like Gecko) Chrome/146.0.0.0 Safari/537.36	0:0:0:0:0:0:0:1	t	2026-04-15 14:47:15.690809+00	2026-04-08 14:47:15.690809+00	2026-04-08 14:47:15.690809+00
35b86bb5-6a61-4da1-adc4-73c3ff5d56c9	a25da581-9ed6-4244-a19c-302840bfb4f5	5fac0883-3885-47fa-bda1-01d2d8d54b65	Mozilla/5.0 (Windows NT 10.0; Win64; x64) AppleWebKit/537.36 (KHTML, like Gecko) Chrome/146.0.0.0 Safari/537.36	0:0:0:0:0:0:0:1	t	2026-04-16 06:00:09.546907+00	2026-04-09 06:00:09.547907+00	2026-04-09 06:00:09.547907+00
a69f7940-717e-40e1-834b-b95b98e9ab95	a25da581-9ed6-4244-a19c-302840bfb4f5	1e4ba646-5766-41b3-8bc4-fe49809779d6	Mozilla/5.0 (Windows NT 10.0; Win64; x64) AppleWebKit/537.36 (KHTML, like Gecko) Chrome/146.0.0.0 Safari/537.36	0:0:0:0:0:0:0:1	t	2026-04-16 06:00:20.103607+00	2026-04-09 06:00:20.103607+00	2026-04-09 06:00:20.103607+00
765acf1b-8c74-4880-b79f-8ea19555c0c5	a25da581-9ed6-4244-a19c-302840bfb4f5	4ecebb1e-b4a7-4a8c-9642-56318195f31d	Mozilla/5.0 (Windows NT 10.0; Win64; x64) AppleWebKit/537.36 (KHTML, like Gecko) Chrome/146.0.0.0 Safari/537.36	0:0:0:0:0:0:0:1	t	2026-04-16 06:00:35.754723+00	2026-04-09 06:00:35.754723+00	2026-04-09 06:00:35.754723+00
4a5338d1-bfdd-447b-af55-1a76b36ec2c1	a25da581-9ed6-4244-a19c-302840bfb4f5	711ac273-98b7-4d1a-bc4d-935cd2248536	Mozilla/5.0 (Windows NT 10.0; Win64; x64) AppleWebKit/537.36 (KHTML, like Gecko) Chrome/146.0.0.0 Safari/537.36	0:0:0:0:0:0:0:1	t	2026-04-16 16:28:41.598762+00	2026-04-09 16:28:41.598762+00	2026-04-09 16:28:41.598762+00
771788a5-24f6-4c25-8bb7-82a8aec34fd1	a25da581-9ed6-4244-a19c-302840bfb4f5	aac7b6eb-6ea2-4e85-b6a6-f1e92225952d	Mozilla/5.0 (Windows NT 10.0; Win64; x64) AppleWebKit/537.36 (KHTML, like Gecko) Chrome/146.0.0.0 Safari/537.36	0:0:0:0:0:0:0:1	t	2026-04-16 16:30:41.113273+00	2026-04-09 16:30:41.113273+00	2026-04-09 16:30:41.113273+00
38feabf4-0008-449b-a823-f1f9895b14c6	a25da581-9ed6-4244-a19c-302840bfb4f5	a847bf64-fec1-4525-b030-776be33e1896	Mozilla/5.0 (Windows NT 10.0; Win64; x64) AppleWebKit/537.36 (KHTML, like Gecko) Chrome/146.0.0.0 Safari/537.36	0:0:0:0:0:0:0:1	f	2026-04-16 16:32:54.534959+00	2026-04-09 16:32:54.534959+00	2026-04-09 16:32:54.534959+00
717a2734-845c-487a-929b-c389c82a8b97	a25da581-9ed6-4244-a19c-302840bfb4f5	c2ab6c87-3467-497f-8767-c103d6bebd74	Mozilla/5.0 (Windows NT 10.0; Win64; x64) AppleWebKit/537.36 (KHTML, like Gecko) Chrome/146.0.0.0 Safari/537.36	0:0:0:0:0:0:0:1	t	2026-04-16 16:30:57.890026+00	2026-04-09 16:30:57.890026+00	2026-04-09 16:30:57.890026+00
1814cdb0-6422-4999-b63d-f0ce447d730a	18338ff9-86a8-4ec2-8459-0c8cadc7adc1	aa9b6eaf-a904-442e-9f03-a4163090d2f3	Mozilla/5.0 (Windows NT 10.0; Win64; x64) AppleWebKit/537.36 (KHTML, like Gecko) Chrome/147.0.0.0 Safari/537.36	0:0:0:0:0:0:0:1	f	2026-04-25 10:08:51.427208+00	2026-04-18 10:08:51.427208+00	2026-04-18 10:08:51.427208+00
21b669c4-f934-4163-857f-0fdd643c4d54	18338ff9-86a8-4ec2-8459-0c8cadc7adc1	b4453ff5-e661-4c3b-ad2e-e656f04c9d7e	Mozilla/5.0 (Windows NT 10.0; Win64; x64) AppleWebKit/537.36 (KHTML, like Gecko) Chrome/146.0.0.0 Safari/537.36	0:0:0:0:0:0:0:1	t	2026-04-16 16:35:08.304053+00	2026-04-09 16:35:08.304053+00	2026-04-09 16:35:08.304053+00
ebe53cb7-bae2-4d8c-906c-a9eba17416ea	ea168138-03d6-41aa-9253-f8bd46f2e267	0b9ec495-69f2-471b-b6f1-29e534e2cd07	\N	\N	f	2026-04-26 12:34:00.765268+00	2026-04-19 12:34:00.765268+00	2026-04-19 12:34:00.765268+00
3ccecd5d-306f-474c-92e2-70352e9a318a	ea168138-03d6-41aa-9253-f8bd46f2e267	07f0e9a9-4040-4171-9b09-b88391b0af0b	\N	\N	t	2026-04-26 12:36:39.68832+00	2026-04-19 12:36:39.68832+00	2026-04-19 12:36:39.68832+00
6b502f28-f2b1-43f4-bf15-827deb5b9a21	ea168138-03d6-41aa-9253-f8bd46f2e267	9d6ebe39-5759-4edd-b086-cf20ddab5c66	Mozilla/5.0 (Windows NT 10.0; Win64; x64) AppleWebKit/537.36 (KHTML, like Gecko) Chrome/147.0.0.0 Safari/537.36	0:0:0:0:0:0:0:1	t	2026-04-26 12:36:50.172911+00	2026-04-19 12:36:50.172911+00	2026-04-19 12:36:50.172911+00
73dcbd4b-7bdf-4d0b-b21e-70cf56baa46d	18338ff9-86a8-4ec2-8459-0c8cadc7adc1	c0ba95af-aa25-4730-a324-bd9c674bdcdb	Mozilla/5.0 (Windows NT 10.0; Win64; x64) AppleWebKit/537.36 (KHTML, like Gecko) Chrome/147.0.0.0 Safari/537.36	0:0:0:0:0:0:0:1	f	2026-04-26 12:36:57.561819+00	2026-04-19 12:36:57.561819+00	2026-04-19 12:36:57.561819+00
48927f35-6938-4804-a309-e1c158a00b48	2c9a1f39-e666-4a6e-9ccf-1b05c95929a4	592ef79e-72b5-48bc-b95e-956aba2d9906	\N	\N	f	2026-04-26 12:41:13.821461+00	2026-04-19 12:41:13.821461+00	2026-04-19 12:41:13.821461+00
6847de8c-0f95-4b9b-aaea-43b5d46a873a	18338ff9-86a8-4ec2-8459-0c8cadc7adc1	56c0ed02-6f13-45e6-afbf-9e0c8f3e7f8a	Mozilla/5.0 (Windows NT 10.0; Win64; x64) AppleWebKit/537.36 (KHTML, like Gecko) Chrome/146.0.0.0 Safari/537.36	0:0:0:0:0:0:0:1	t	2026-04-17 05:15:40.724809+00	2026-04-10 05:15:40.724809+00	2026-04-10 05:15:40.724809+00
2efa6c77-106e-4de2-91e2-0c87e8dfd884	3b83d2a3-fdc3-4162-9c05-cd58e9e7cff8	b78ec6ec-6590-438d-b4b9-eae03f3f1b8f	\N	\N	f	2026-04-26 12:48:41.771307+00	2026-04-19 12:48:41.771307+00	2026-04-19 12:48:41.771307+00
26240851-5364-4310-8ba8-5cfa360d4080	18338ff9-86a8-4ec2-8459-0c8cadc7adc1	efc1df3b-d056-4b25-a13e-091b097eaea4	Mozilla/5.0 (Windows NT 10.0; Win64; x64) AppleWebKit/537.36 (KHTML, like Gecko) Chrome/146.0.0.0 Safari/537.36	0:0:0:0:0:0:0:1	t	2026-04-17 05:20:36.427916+00	2026-04-10 05:20:36.427916+00	2026-04-10 05:20:36.427916+00
67cef2cc-6726-48af-bb24-a85768922ea8	3b83d2a3-fdc3-4162-9c05-cd58e9e7cff8	94df8c31-d167-4bc8-b4ed-5380c6aad77a	Mozilla/5.0 (Windows NT 10.0; Win64; x64) AppleWebKit/537.36 (KHTML, like Gecko) Chrome/147.0.0.0 Safari/537.36	0:0:0:0:0:0:0:1	f	2026-04-26 12:51:53.987951+00	2026-04-19 12:51:53.987951+00	2026-04-19 12:51:53.987951+00
6b7a4413-21d4-487d-8ce3-c99f2277da3f	18338ff9-86a8-4ec2-8459-0c8cadc7adc1	91560fec-7ac7-4e34-9628-953a0b861ab2	Mozilla/5.0 (Windows NT 10.0; Win64; x64) AppleWebKit/537.36 (KHTML, like Gecko) Chrome/147.0.0.0 Safari/537.36	0:0:0:0:0:0:0:1	t	2026-04-26 12:54:43.177512+00	2026-04-19 12:54:43.177512+00	2026-04-19 12:54:43.177512+00
debe2438-3d67-4568-a84c-d59a7f43d7d9	3b83d2a3-fdc3-4162-9c05-cd58e9e7cff8	21e802d2-c620-4415-bd81-82db4b6e670e	Mozilla/5.0 (Windows NT 10.0; Win64; x64) AppleWebKit/537.36 (KHTML, like Gecko) Chrome/147.0.0.0 Safari/537.36	0:0:0:0:0:0:0:1	f	2026-04-26 12:55:24.989252+00	2026-04-19 12:55:24.989252+00	2026-04-19 12:55:24.989252+00
4f733081-bbbe-44f6-ba0e-4b09452dff52	a25da581-9ed6-4244-a19c-302840bfb4f5	6755f642-8ab7-4905-9c3d-ef20aaee55b1	PostmanRuntime/7.51.1	0:0:0:0:0:0:0:1	f	2026-04-21 03:25:05.239916+00	2026-04-14 03:25:05.239916+00	2026-04-14 03:25:05.239916+00
3dde7a65-d1a5-4eb0-bb3b-b5a443164a83	a25da581-9ed6-4244-a19c-302840bfb4f5	408e4898-7b39-4f8d-9f21-569f7c9c1a79	PostmanRuntime/7.51.1	0:0:0:0:0:0:0:1	f	2026-04-21 03:26:06.286763+00	2026-04-14 03:26:06.286763+00	2026-04-14 03:26:06.286763+00
6a12f9c7-50bd-4f68-bada-dc8b89104be5	a25da581-9ed6-4244-a19c-302840bfb4f5	894ecdcf-5dfe-44e2-acb1-b96091b8c3c2	PostmanRuntime/7.51.1	0:0:0:0:0:0:0:1	f	2026-04-21 03:41:07.94073+00	2026-04-14 03:41:07.941732+00	2026-04-14 03:41:07.94073+00
568ac416-b281-4c3f-9c0e-7a65f4709d5e	a25da581-9ed6-4244-a19c-302840bfb4f5	f0875658-8ff8-4cec-bf37-08c443c121ce	PostmanRuntime/7.51.1	0:0:0:0:0:0:0:1	f	2026-04-21 03:41:35.974491+00	2026-04-14 03:41:35.974491+00	2026-04-14 03:41:35.974491+00
7f6c9004-6756-4595-baa8-39bfaac75c1a	a25da581-9ed6-4244-a19c-302840bfb4f5	184a23e0-618d-4567-ba6b-73c39c0e2608	PostmanRuntime/7.51.1	0:0:0:0:0:0:0:1	t	2026-04-21 03:41:31.606776+00	2026-04-14 03:41:31.606776+00	2026-04-14 03:41:31.606776+00
0a0d08ce-4fbd-4724-8a9e-5107f0a357b4	a25da581-9ed6-4244-a19c-302840bfb4f5	61ff1130-9ed7-47af-b7da-8a9ac840327d	PostmanRuntime/7.51.1	0:0:0:0:0:0:0:1	f	2026-04-21 03:42:58.650597+00	2026-04-14 03:42:58.650597+00	2026-04-14 03:42:58.650597+00
aee37e32-845d-498c-a148-ce05bd092b7f	a25da581-9ed6-4244-a19c-302840bfb4f5	85a01f00-00f0-4707-93e3-68eff7ebfa56	PostmanRuntime/7.51.1	0:0:0:0:0:0:0:1	t	2026-04-21 03:44:52.405719+00	2026-04-14 03:44:52.405719+00	2026-04-14 03:44:52.405719+00
52d18657-0680-43d7-9d04-5fbe7f13c96e	a25da581-9ed6-4244-a19c-302840bfb4f5	47c0af08-7f6e-4b25-8890-bec8c31e0113	PostmanRuntime/7.51.1	0:0:0:0:0:0:0:1	t	2026-04-21 03:44:57.435539+00	2026-04-14 03:44:57.435539+00	2026-04-14 03:44:57.435539+00
975ce0a1-3b3c-49a1-857f-31964659bcbd	a25da581-9ed6-4244-a19c-302840bfb4f5	52e39622-68f6-48d7-94c1-1c5492aa8441	PostmanRuntime/7.51.1	0:0:0:0:0:0:0:1	t	2026-04-21 03:45:37.380662+00	2026-04-14 03:45:37.380662+00	2026-04-14 03:45:37.380662+00
f00fbdbb-38a1-4b06-8b42-37e073cb450e	a25da581-9ed6-4244-a19c-302840bfb4f5	f20d97bd-7eeb-4139-aa47-cc67e1b0f0b2	PostmanRuntime/7.51.1	0:0:0:0:0:0:0:1	f	2026-04-21 07:33:05.801914+00	2026-04-14 07:33:05.801914+00	2026-04-14 07:33:05.801914+00
bb7a80cf-2fc4-4ef3-ba61-64c95a3fd959	a25da581-9ed6-4244-a19c-302840bfb4f5	0cac5654-7e10-41c5-ba46-d9d2bb8eea94	PostmanRuntime/7.51.1	0:0:0:0:0:0:0:1	f	2026-04-21 07:35:52.006393+00	2026-04-14 07:35:52.006393+00	2026-04-14 07:35:52.006393+00
2a9731f0-b8c8-4c92-a5e1-eea9e5f01e73	18338ff9-86a8-4ec2-8459-0c8cadc7adc1	49d66ef6-353c-4d20-aff2-937d41217780	Mozilla/5.0 (Windows NT 10.0; Win64; x64) AppleWebKit/537.36 (KHTML, like Gecko) Chrome/146.0.0.0 Safari/537.36	0:0:0:0:0:0:0:1	t	2026-04-16 17:13:30.829986+00	2026-04-09 17:13:30.829986+00	2026-04-09 17:13:30.829986+00
7789c581-53c3-40e4-803c-33478447cc36	18338ff9-86a8-4ec2-8459-0c8cadc7adc1	acef8102-222b-4dd2-8fc7-4dbc11452f28	Mozilla/5.0 (Windows NT 10.0; Win64; x64) AppleWebKit/537.36 (KHTML, like Gecko) Chrome/146.0.0.0 Safari/537.36	0:0:0:0:0:0:0:1	t	2026-04-16 17:13:44.473994+00	2026-04-09 17:13:44.473994+00	2026-04-09 17:13:44.473994+00
ff0dc262-4dde-415d-91d1-7d29d1a108e3	18338ff9-86a8-4ec2-8459-0c8cadc7adc1	a8fe0564-33b3-48c3-8d80-41fcad774404	Mozilla/5.0 (Windows NT 10.0; Win64; x64) AppleWebKit/537.36 (KHTML, like Gecko) Chrome/146.0.0.0 Safari/537.36	0:0:0:0:0:0:0:1	t	2026-04-17 04:32:57.130035+00	2026-04-10 04:32:57.130035+00	2026-04-10 04:32:57.130035+00
e22b1c50-4a07-4104-bf1e-394c30d7d59e	18338ff9-86a8-4ec2-8459-0c8cadc7adc1	d80ce18c-edce-40dd-954a-9940782d16eb	Mozilla/5.0 (Windows NT 10.0; Win64; x64) AppleWebKit/537.36 (KHTML, like Gecko) Chrome/146.0.0.0 Safari/537.36	0:0:0:0:0:0:0:1	t	2026-04-17 04:39:10.625663+00	2026-04-10 04:39:10.625663+00	2026-04-10 04:39:10.625663+00
e99a6a04-231f-4f02-a64d-aeb3a26cd483	18338ff9-86a8-4ec2-8459-0c8cadc7adc1	6daabd4f-7282-44c0-8586-ea48c7a024ba	Mozilla/5.0 (Windows NT 10.0; Win64; x64) AppleWebKit/537.36 (KHTML, like Gecko) Chrome/146.0.0.0 Safari/537.36	0:0:0:0:0:0:0:1	t	2026-04-17 04:49:17.811789+00	2026-04-10 04:49:17.811789+00	2026-04-10 04:49:17.811789+00
a0cdad74-3eb1-4255-9084-95ebd0d65903	a25da581-9ed6-4244-a19c-302840bfb4f5	fd9cc212-34b5-491f-929d-6b5c3ccd97b2	PostmanRuntime/7.53.0	0:0:0:0:0:0:0:1	f	2026-04-26 13:06:05.990335+00	2026-04-19 13:06:05.990335+00	2026-04-19 13:06:05.990335+00
aecc75fd-fb8b-4aba-9450-ca1b78e898dc	a25da581-9ed6-4244-a19c-302840bfb4f5	ecc57b5d-4a59-49e1-8b46-7dd9772ee6a3	PostmanRuntime/7.51.1	0:0:0:0:0:0:0:1	f	2026-04-21 08:12:29.408956+00	2026-04-14 08:12:29.408956+00	2026-04-14 08:12:29.408956+00
989f1589-4d2a-47e7-98b6-8e47df1010f1	3b83d2a3-fdc3-4162-9c05-cd58e9e7cff8	541b66c3-b3f9-46f9-a40d-7452fe795d64	Mozilla/5.0 (Windows NT 10.0; Win64; x64) AppleWebKit/537.36 (KHTML, like Gecko) Chrome/147.0.0.0 Safari/537.36	0:0:0:0:0:0:0:1	t	2026-04-26 13:10:15.005854+00	2026-04-19 13:10:15.005854+00	2026-04-19 13:10:15.005854+00
84389397-f2d6-4047-a562-99752398118f	18338ff9-86a8-4ec2-8459-0c8cadc7adc1	f355334d-15c2-4f9f-86d3-4219a82aa785	Mozilla/5.0 (Windows NT 10.0; Win64; x64) AppleWebKit/537.36 (KHTML, like Gecko) Chrome/147.0.0.0 Safari/537.36	0:0:0:0:0:0:0:1	f	2026-04-26 13:10:41.822515+00	2026-04-19 13:10:41.822515+00	2026-04-19 13:10:41.822515+00
448eed91-195b-4524-ad4e-96d1591d98ea	18338ff9-86a8-4ec2-8459-0c8cadc7adc1	58a51cd7-9f63-4223-81fb-6e65950d5980	Mozilla/5.0 (Windows NT 10.0; Win64; x64) AppleWebKit/537.36 (KHTML, like Gecko) Chrome/147.0.0.0 Safari/537.36	0:0:0:0:0:0:0:1	f	2026-04-26 13:15:20.300444+00	2026-04-19 13:15:20.300444+00	2026-04-19 13:15:20.300444+00
51a2c9cb-59dc-46e9-b3e1-5b2830321cc1	18338ff9-86a8-4ec2-8459-0c8cadc7adc1	730b2089-3446-41b6-9ffb-cdc2c8481b59	Mozilla/5.0 (Windows NT 10.0; Win64; x64) AppleWebKit/537.36 (KHTML, like Gecko) Chrome/147.0.0.0 Safari/537.36	0:0:0:0:0:0:0:1	f	2026-04-26 13:19:58.350183+00	2026-04-19 13:19:58.350183+00	2026-04-19 13:19:58.350183+00
cde29dc9-4c0d-40da-b3d8-8d8882d47b12	18338ff9-86a8-4ec2-8459-0c8cadc7adc1	20701e5f-81f7-4b3f-bfdb-af201bf47436	Mozilla/5.0 (Windows NT 10.0; Win64; x64) AppleWebKit/537.36 (KHTML, like Gecko) Chrome/147.0.0.0 Safari/537.36	0:0:0:0:0:0:0:1	f	2026-04-26 13:25:18.977554+00	2026-04-19 13:25:18.977554+00	2026-04-19 13:25:18.977554+00
d10dc90b-3cf9-49c5-816f-e0282ee3268f	18338ff9-86a8-4ec2-8459-0c8cadc7adc1	882e0ea7-5f7c-4ee1-9289-e6520d58df78	Mozilla/5.0 (Windows NT 10.0; Win64; x64) AppleWebKit/537.36 (KHTML, like Gecko) Chrome/147.0.0.0 Safari/537.36	0:0:0:0:0:0:0:1	f	2026-04-26 15:36:07.760315+00	2026-04-19 15:36:07.760315+00	2026-04-19 15:36:07.760315+00
b78a0689-627f-4f34-bb29-104ad4e63257	a25da581-9ed6-4244-a19c-302840bfb4f5	3f6915a5-caa1-4c21-9ad6-62ebd6ae25b2	PostmanRuntime/7.51.1	0:0:0:0:0:0:0:1	f	2026-04-21 09:06:11.629819+00	2026-04-14 09:06:11.630337+00	2026-04-14 09:06:11.630337+00
94f0bde5-4c6e-48c5-8336-dc682cf644db	18338ff9-86a8-4ec2-8459-0c8cadc7adc1	d99d4bff-b088-443e-a5b1-e4b5a06e02c4	Mozilla/5.0 (Windows NT 10.0; Win64; x64) AppleWebKit/537.36 (KHTML, like Gecko) Chrome/147.0.0.0 Safari/537.36	0:0:0:0:0:0:0:1	f	2026-04-26 15:52:01.000123+00	2026-04-19 15:52:01.000123+00	2026-04-19 15:52:01.000123+00
375a739e-8530-4692-8c4c-4ac8b737626f	18338ff9-86a8-4ec2-8459-0c8cadc7adc1	bea4d96e-2096-4036-b299-f69217e2d52f	Mozilla/5.0 (Windows NT 10.0; Win64; x64) AppleWebKit/537.36 (KHTML, like Gecko) Chrome/147.0.0.0 Safari/537.36	0:0:0:0:0:0:0:1	f	2026-04-26 15:58:26.570371+00	2026-04-19 15:58:26.570371+00	2026-04-19 15:58:26.570371+00
1210a805-2aba-4671-b7c3-d9495d88a4a1	18338ff9-86a8-4ec2-8459-0c8cadc7adc1	056ebed1-7fa6-4795-a22d-86cee0bfc87c	Mozilla/5.0 (Windows NT 10.0; Win64; x64) AppleWebKit/537.36 (KHTML, like Gecko) Chrome/147.0.0.0 Safari/537.36	0:0:0:0:0:0:0:1	f	2026-04-26 16:01:20.425019+00	2026-04-19 16:01:20.425019+00	2026-04-19 16:01:20.425019+00
e937a550-1b8f-4c47-a661-13fbb5e21f27	18338ff9-86a8-4ec2-8459-0c8cadc7adc1	6bd4b3e2-c656-46db-9538-20dcea61c547	Mozilla/5.0 (Windows NT 10.0; Win64; x64) AppleWebKit/537.36 (KHTML, like Gecko) Chrome/147.0.0.0 Safari/537.36	0:0:0:0:0:0:0:1	t	2026-04-21 09:23:58.927981+00	2026-04-14 09:23:58.927981+00	2026-04-14 09:23:58.927981+00
a29ce0d3-c1ff-4156-940d-9a33ce551c37	18338ff9-86a8-4ec2-8459-0c8cadc7adc1	b14742e0-150c-4226-8e7f-82fee660b650	Mozilla/5.0 (Windows NT 10.0; Win64; x64) AppleWebKit/537.36 (KHTML, like Gecko) Chrome/147.0.0.0 Safari/537.36	0:0:0:0:0:0:0:1	t	2026-04-21 09:26:44.96277+00	2026-04-14 09:26:44.96277+00	2026-04-14 09:26:44.96277+00
b6f3f468-669d-4cd4-b918-b2190a52c809	18338ff9-86a8-4ec2-8459-0c8cadc7adc1	e758a8c3-4d7c-49d0-961b-096ae60ab039	Mozilla/5.0 (Windows NT 10.0; Win64; x64) AppleWebKit/537.36 (KHTML, like Gecko) Chrome/147.0.0.0 Safari/537.36	0:0:0:0:0:0:0:1	t	2026-04-21 16:20:33.754222+00	2026-04-14 16:20:33.754222+00	2026-04-14 16:20:33.754222+00
1aed343c-1ed0-499f-9747-4874ff2f3fe5	18338ff9-86a8-4ec2-8459-0c8cadc7adc1	cbc42316-9d9d-47b5-bf4b-398cd1991b1d	Mozilla/5.0 (Windows NT 10.0; Win64; x64) AppleWebKit/537.36 (KHTML, like Gecko) Chrome/147.0.0.0 Safari/537.36	0:0:0:0:0:0:0:1	t	2026-04-21 16:30:35.773681+00	2026-04-14 16:30:35.773681+00	2026-04-14 16:30:35.773681+00
fa2cae2c-ede4-4888-be18-dce145e25414	18338ff9-86a8-4ec2-8459-0c8cadc7adc1	550a395f-4918-4d7a-9165-374d9a8c6f0f	Mozilla/5.0 (Windows NT 10.0; Win64; x64) AppleWebKit/537.36 (KHTML, like Gecko) Chrome/147.0.0.0 Safari/537.36	0:0:0:0:0:0:0:1	t	2026-04-21 09:10:36.490231+00	2026-04-14 09:10:36.490231+00	2026-04-14 09:10:36.490231+00
7d2ced4b-d6b5-4a6a-b02e-b2e029b80c8a	18338ff9-86a8-4ec2-8459-0c8cadc7adc1	c138fb6f-c075-46ac-afb8-fcf8f608d6e1	Mozilla/5.0 (Windows NT 10.0; Win64; x64) AppleWebKit/537.36 (KHTML, like Gecko) Chrome/147.0.0.0 Safari/537.36	0:0:0:0:0:0:0:1	t	2026-04-21 09:13:45.686277+00	2026-04-14 09:13:45.686277+00	2026-04-14 09:13:45.686277+00
6e49fcb9-7946-4ac7-8d9c-09b3ff4075c0	18338ff9-86a8-4ec2-8459-0c8cadc7adc1	7b4235e4-ec1f-4d5e-af71-05926ecf5d75	Mozilla/5.0 (Windows NT 10.0; Win64; x64) AppleWebKit/537.36 (KHTML, like Gecko) Chrome/147.0.0.0 Safari/537.36	0:0:0:0:0:0:0:1	t	2026-04-21 09:13:49.454339+00	2026-04-14 09:13:49.454339+00	2026-04-14 09:13:49.454339+00
bac4e30d-b3cf-47f8-aeef-cec3c2ae3775	18338ff9-86a8-4ec2-8459-0c8cadc7adc1	a0447b21-fecd-4977-95f2-2f333996a87b	Mozilla/5.0 (Windows NT 10.0; Win64; x64) AppleWebKit/537.36 (KHTML, like Gecko) Chrome/147.0.0.0 Safari/537.36	0:0:0:0:0:0:0:1	t	2026-04-21 09:15:00.291858+00	2026-04-14 09:15:00.291858+00	2026-04-14 09:15:00.291858+00
6616dfda-c767-430e-8ea4-4f42facacb84	18338ff9-86a8-4ec2-8459-0c8cadc7adc1	23f6d4e4-667a-4f98-8fe9-ff20b13d5f96	Mozilla/5.0 (Windows NT 10.0; Win64; x64) AppleWebKit/537.36 (KHTML, like Gecko) Chrome/147.0.0.0 Safari/537.36	0:0:0:0:0:0:0:1	t	2026-04-25 06:13:14.058714+00	2026-04-18 06:13:14.058714+00	2026-04-18 06:13:14.058714+00
e606a293-a66e-43bb-b3c4-55808030a3a8	a25da581-9ed6-4244-a19c-302840bfb4f5	2bb1cc12-3b80-4b5c-8b71-58eef86b44da	PostmanRuntime/7.53.0	0:0:0:0:0:0:0:1	f	2026-04-25 06:20:25.657096+00	2026-04-18 06:20:25.657096+00	2026-04-18 06:20:25.657096+00
931297c1-cb1c-4b85-9ddc-cbec97699497	a25da581-9ed6-4244-a19c-302840bfb4f5	12231d62-9d2f-4ba8-bca9-9723ec3fafce	PostmanRuntime/7.53.0	0:0:0:0:0:0:0:1	f	2026-04-25 06:26:29.566623+00	2026-04-18 06:26:29.566623+00	2026-04-18 06:26:29.566623+00
9b0b1180-a592-451a-83dc-cab39471b664	18338ff9-86a8-4ec2-8459-0c8cadc7adc1	deff0cd0-cf3a-488d-a95e-cd58822312aa	Mozilla/5.0 (Windows NT 10.0; Win64; x64) AppleWebKit/537.36 (KHTML, like Gecko) Chrome/147.0.0.0 Safari/537.36	0:0:0:0:0:0:0:1	t	2026-04-25 06:36:20.658185+00	2026-04-18 06:36:20.659183+00	2026-04-18 06:36:20.659183+00
f32061fc-5a1b-4a3d-9c87-737d85c1cb7b	18338ff9-86a8-4ec2-8459-0c8cadc7adc1	4b5735fe-2f25-4943-a27c-d00d336da158	Mozilla/5.0 (Windows NT 10.0; Win64; x64) AppleWebKit/537.36 (KHTML, like Gecko) Chrome/147.0.0.0 Safari/537.36	0:0:0:0:0:0:0:1	t	2026-04-25 09:40:58.772421+00	2026-04-18 09:40:58.772421+00	2026-04-18 09:40:58.772421+00
cb217c57-5d84-42c7-9ddf-ac69ef11d63b	18338ff9-86a8-4ec2-8459-0c8cadc7adc1	7ff7ee67-d62a-4df9-8de8-3de5cef84b7c	Mozilla/5.0 (Windows NT 10.0; Win64; x64) AppleWebKit/537.36 (KHTML, like Gecko) Chrome/147.0.0.0 Safari/537.36	0:0:0:0:0:0:0:1	t	2026-04-25 09:43:46.459234+00	2026-04-18 09:43:46.459234+00	2026-04-18 09:43:46.459234+00
3b3e0379-868b-48da-b3eb-1699db16d205	a25da581-9ed6-4244-a19c-302840bfb4f5	7716f41b-a63b-461b-ab79-5a2ad3ff17a1	PostmanRuntime/7.53.0	0:0:0:0:0:0:0:1	f	2026-04-25 09:50:04.438041+00	2026-04-18 09:50:04.438041+00	2026-04-18 09:50:04.438041+00
d75507d4-6bd1-44b4-ace3-be83dd316fa5	a25da581-9ed6-4244-a19c-302840bfb4f5	17e4597c-07d2-4abd-93f0-451b083cb3e4	PostmanRuntime/7.53.0	0:0:0:0:0:0:0:1	f	2026-04-25 10:00:17.916573+00	2026-04-18 10:00:17.916573+00	2026-04-18 10:00:17.916573+00
12ad621b-b5dd-46f7-a562-0beebb68a8d2	a25da581-9ed6-4244-a19c-302840bfb4f5	2096c0dc-b5fb-4dab-baa3-12a6f2d74ab1	PostmanRuntime/7.53.0	0:0:0:0:0:0:0:1	f	2026-04-25 10:01:54.479435+00	2026-04-18 10:01:54.48647+00	2026-04-18 10:01:54.48647+00
f15e5c9a-7d99-44a1-8ff0-01d7a15d9275	a25da581-9ed6-4244-a19c-302840bfb4f5	2201820f-fc4a-4a20-933f-7e8d85588aea	PostmanRuntime/7.53.0	0:0:0:0:0:0:0:1	f	2026-04-25 10:05:12.542446+00	2026-04-18 10:05:12.542446+00	2026-04-18 10:05:12.542446+00
729fce9c-8fa0-4318-83cf-7310989f81fe	18338ff9-86a8-4ec2-8459-0c8cadc7adc1	f8aa1691-8b69-4c1d-8ead-d8e7f6c930ad	Mozilla/5.0 (Windows NT 10.0; Win64; x64) AppleWebKit/537.36 (KHTML, like Gecko) Chrome/146.0.0.0 Safari/537.36	0:0:0:0:0:0:0:1	t	2026-04-16 16:35:12.385361+00	2026-04-09 16:35:12.385361+00	2026-04-09 16:35:12.385361+00
bfe9ac3d-a307-4892-9e57-8aa2e025a53d	18338ff9-86a8-4ec2-8459-0c8cadc7adc1	9ef00b65-baf1-4fbd-883f-312f47901d1c	Mozilla/5.0 (Windows NT 10.0; Win64; x64) AppleWebKit/537.36 (KHTML, like Gecko) Chrome/146.0.0.0 Safari/537.36	0:0:0:0:0:0:0:1	t	2026-04-16 16:35:13.726502+00	2026-04-09 16:35:13.726502+00	2026-04-09 16:35:13.726502+00
28d025c4-7d09-4df5-80b0-cc607359d066	18338ff9-86a8-4ec2-8459-0c8cadc7adc1	095555a5-e06e-4482-b03c-d31fdb1239b4	Mozilla/5.0 (Windows NT 10.0; Win64; x64) AppleWebKit/537.36 (KHTML, like Gecko) Chrome/146.0.0.0 Safari/537.36	0:0:0:0:0:0:0:1	t	2026-04-16 16:35:14.636957+00	2026-04-09 16:35:14.636957+00	2026-04-09 16:35:14.636957+00
2172d67e-f287-4d5c-85e6-e12c2ac827b1	18338ff9-86a8-4ec2-8459-0c8cadc7adc1	e83fd315-24c1-4c2b-b2b5-3ccaa944aff7	Mozilla/5.0 (Windows NT 10.0; Win64; x64) AppleWebKit/537.36 (KHTML, like Gecko) Chrome/146.0.0.0 Safari/537.36	0:0:0:0:0:0:0:1	t	2026-04-16 16:35:33.688058+00	2026-04-09 16:35:33.688058+00	2026-04-09 16:35:33.688058+00
675d913a-aea5-4747-9539-15c6bbcb1d25	18338ff9-86a8-4ec2-8459-0c8cadc7adc1	90e5ceaf-4ed1-49e2-9ee3-062087a869f1	Mozilla/5.0 (Windows NT 10.0; Win64; x64) AppleWebKit/537.36 (KHTML, like Gecko) Chrome/146.0.0.0 Safari/537.36	0:0:0:0:0:0:0:1	t	2026-04-16 16:35:36.444021+00	2026-04-09 16:35:36.444021+00	2026-04-09 16:35:36.444021+00
953b233a-e0a5-41cb-a56b-695cb94b6f1b	18338ff9-86a8-4ec2-8459-0c8cadc7adc1	1697257c-554f-4856-8c52-01dab5b4e65c	Mozilla/5.0 (Windows NT 10.0; Win64; x64) AppleWebKit/537.36 (KHTML, like Gecko) Chrome/146.0.0.0 Safari/537.36	0:0:0:0:0:0:0:1	t	2026-04-16 16:35:38.555429+00	2026-04-09 16:35:38.555429+00	2026-04-09 16:35:38.555429+00
d55f08d4-537e-40fe-9f84-ab6ea8b50847	18338ff9-86a8-4ec2-8459-0c8cadc7adc1	ca8c4fad-ce3e-4386-93c1-3dd282433da5	Mozilla/5.0 (Windows NT 10.0; Win64; x64) AppleWebKit/537.36 (KHTML, like Gecko) Chrome/146.0.0.0 Safari/537.36	0:0:0:0:0:0:0:1	t	2026-04-16 16:35:39.390411+00	2026-04-09 16:35:39.390411+00	2026-04-09 16:35:39.390411+00
2c8d6e85-41a9-4beb-82e5-de68bf7501ba	18338ff9-86a8-4ec2-8459-0c8cadc7adc1	65cbe09d-b8aa-44a8-a6f8-a258b81b12e2	Mozilla/5.0 (Windows NT 10.0; Win64; x64) AppleWebKit/537.36 (KHTML, like Gecko) Chrome/146.0.0.0 Safari/537.36	0:0:0:0:0:0:0:1	t	2026-04-16 16:35:40.244712+00	2026-04-09 16:35:40.244712+00	2026-04-09 16:35:40.244712+00
02bd6842-c398-4113-9f73-d0237ffc166f	18338ff9-86a8-4ec2-8459-0c8cadc7adc1	4d376042-fa1a-4ba7-bdf0-bffbd8d07330	Mozilla/5.0 (Windows NT 10.0; Win64; x64) AppleWebKit/537.36 (KHTML, like Gecko) Chrome/146.0.0.0 Safari/537.36	0:0:0:0:0:0:0:1	t	2026-04-16 16:36:43.774262+00	2026-04-09 16:36:43.774262+00	2026-04-09 16:36:43.774262+00
a7308f6c-197d-4505-bf15-ed356eecdaf6	18338ff9-86a8-4ec2-8459-0c8cadc7adc1	1142cbb0-8187-49fb-809d-0212ede3c0fa	Mozilla/5.0 (Windows NT 10.0; Win64; x64) AppleWebKit/537.36 (KHTML, like Gecko) Chrome/146.0.0.0 Safari/537.36	0:0:0:0:0:0:0:1	t	2026-04-16 16:37:00.660328+00	2026-04-09 16:37:00.660328+00	2026-04-09 16:37:00.660328+00
f7c8cc60-b7e2-479c-a141-712ff88f722d	18338ff9-86a8-4ec2-8459-0c8cadc7adc1	77227af0-780a-44f5-bdc0-fe0318a8a19b	Mozilla/5.0 (Windows NT 10.0; Win64; x64) AppleWebKit/537.36 (KHTML, like Gecko) Chrome/146.0.0.0 Safari/537.36	0:0:0:0:0:0:0:1	t	2026-04-16 16:37:17.042138+00	2026-04-09 16:37:17.042138+00	2026-04-09 16:37:17.042138+00
ac0c7be5-2716-46b3-be3c-cc18c533d0a3	18338ff9-86a8-4ec2-8459-0c8cadc7adc1	8ef16cde-0f26-4d3d-8311-9cccb9d3cdd8	Mozilla/5.0 (Windows NT 10.0; Win64; x64) AppleWebKit/537.36 (KHTML, like Gecko) Chrome/146.0.0.0 Safari/537.36	0:0:0:0:0:0:0:1	t	2026-04-16 16:40:05.578025+00	2026-04-09 16:40:05.578025+00	2026-04-09 16:40:05.578025+00
a319bb60-880e-4265-9866-d7ff155744db	18338ff9-86a8-4ec2-8459-0c8cadc7adc1	88822efd-c7cd-4057-b014-6080b85d17e2	Mozilla/5.0 (Windows NT 10.0; Win64; x64) AppleWebKit/537.36 (KHTML, like Gecko) Chrome/146.0.0.0 Safari/537.36	0:0:0:0:0:0:0:1	t	2026-04-16 16:40:19.99433+00	2026-04-09 16:40:19.99433+00	2026-04-09 16:40:19.99433+00
60580cc3-5395-4a81-83da-e6f4844692d5	18338ff9-86a8-4ec2-8459-0c8cadc7adc1	f975567e-8fb0-479d-a712-34a3730690b7	Mozilla/5.0 (Windows NT 10.0; Win64; x64) AppleWebKit/537.36 (KHTML, like Gecko) Chrome/146.0.0.0 Safari/537.36	0:0:0:0:0:0:0:1	t	2026-04-16 16:41:41.763986+00	2026-04-09 16:41:41.763986+00	2026-04-09 16:41:41.763986+00
2250181d-747f-4c79-8374-f6d780bcbeab	18338ff9-86a8-4ec2-8459-0c8cadc7adc1	c7674b7a-a390-4019-9425-970f09ec8ff7	Mozilla/5.0 (Windows NT 10.0; Win64; x64) AppleWebKit/537.36 (KHTML, like Gecko) Chrome/146.0.0.0 Safari/537.36	0:0:0:0:0:0:0:1	t	2026-04-16 16:41:49.764014+00	2026-04-09 16:41:49.764014+00	2026-04-09 16:41:49.764014+00
616403bb-d4ef-4292-a2a6-0ddbb0dccc07	18338ff9-86a8-4ec2-8459-0c8cadc7adc1	a732ca3a-f90d-4901-b3b9-468932ba9623	Mozilla/5.0 (Windows NT 10.0; Win64; x64) AppleWebKit/537.36 (KHTML, like Gecko) Chrome/147.0.0.0 Safari/537.36	0:0:0:0:0:0:0:1	t	2026-04-25 06:15:22.399988+00	2026-04-18 06:15:22.399988+00	2026-04-18 06:15:22.399988+00
01bb50f0-0c3a-4617-8aa1-ee105c839df0	18338ff9-86a8-4ec2-8459-0c8cadc7adc1	1eeec025-9b04-47ee-847f-2a123fb587e4	Mozilla/5.0 (Windows NT 10.0; Win64; x64) AppleWebKit/537.36 (KHTML, like Gecko) Chrome/147.0.0.0 Safari/537.36	0:0:0:0:0:0:0:1	t	2026-04-25 06:37:21.477513+00	2026-04-18 06:37:21.477513+00	2026-04-18 06:37:21.477513+00
ae60470f-dfb8-4bec-8687-6eb98f361a68	18338ff9-86a8-4ec2-8459-0c8cadc7adc1	12a66823-9c37-4bf4-a370-c4198ad4bfff	Mozilla/5.0 (Windows NT 10.0; Win64; x64) AppleWebKit/537.36 (KHTML, like Gecko) Chrome/147.0.0.0 Safari/537.36	0:0:0:0:0:0:0:1	t	2026-04-25 09:38:55.878845+00	2026-04-18 09:38:55.878845+00	2026-04-18 09:38:55.878845+00
c23f4d57-af51-4f69-9b75-038eba520203	18338ff9-86a8-4ec2-8459-0c8cadc7adc1	f66b039f-2740-4897-912a-a776de4c5d03	Mozilla/5.0 (Windows NT 10.0; Win64; x64) AppleWebKit/537.36 (KHTML, like Gecko) Chrome/147.0.0.0 Safari/537.36	0:0:0:0:0:0:0:1	t	2026-04-25 09:44:51.971063+00	2026-04-18 09:44:51.971063+00	2026-04-18 09:44:51.971063+00
90fffd7b-7f4c-48ea-a5b3-3207a48b8070	18338ff9-86a8-4ec2-8459-0c8cadc7adc1	bff2aa6e-e551-4dbf-b45d-ea0b783e377d	Mozilla/5.0 (Windows NT 10.0; Win64; x64) AppleWebKit/537.36 (KHTML, like Gecko) Chrome/146.0.0.0 Safari/537.36	0:0:0:0:0:0:0:1	t	2026-04-16 16:41:58.010641+00	2026-04-09 16:41:58.010641+00	2026-04-09 16:41:58.010641+00
bbe05d33-620b-48d2-8311-7abc42a3c95d	18338ff9-86a8-4ec2-8459-0c8cadc7adc1	1dda5e38-9796-4d8d-a34e-fd500a0d871e	Mozilla/5.0 (Windows NT 10.0; Win64; x64) AppleWebKit/537.36 (KHTML, like Gecko) Chrome/146.0.0.0 Safari/537.36	0:0:0:0:0:0:0:1	t	2026-04-16 16:43:25.022714+00	2026-04-09 16:43:25.022714+00	2026-04-09 16:43:25.022714+00
2b9bee25-072c-40e9-99c8-2aa7eb449913	18338ff9-86a8-4ec2-8459-0c8cadc7adc1	b445ea64-a4c7-4714-a91a-89cf60f91584	Mozilla/5.0 (Windows NT 10.0; Win64; x64) AppleWebKit/537.36 (KHTML, like Gecko) Chrome/146.0.0.0 Safari/537.36	0:0:0:0:0:0:0:1	t	2026-04-16 16:45:43.381886+00	2026-04-09 16:45:43.381886+00	2026-04-09 16:45:43.381886+00
7c9d9512-265a-4da1-b9ac-2b6d0a156f51	18338ff9-86a8-4ec2-8459-0c8cadc7adc1	f9f37cb0-69fe-4a83-962e-e7265280e6af	Mozilla/5.0 (Windows NT 10.0; Win64; x64) AppleWebKit/537.36 (KHTML, like Gecko) Chrome/146.0.0.0 Safari/537.36	0:0:0:0:0:0:0:1	t	2026-04-16 16:45:44.70791+00	2026-04-09 16:45:44.70791+00	2026-04-09 16:45:44.70791+00
5d5c4442-95ce-4718-98e6-7d7809e51f23	18338ff9-86a8-4ec2-8459-0c8cadc7adc1	24c8d75d-3cf8-45d5-bfc0-4bed24d7c485	Mozilla/5.0 (Windows NT 10.0; Win64; x64) AppleWebKit/537.36 (KHTML, like Gecko) Chrome/146.0.0.0 Safari/537.36	0:0:0:0:0:0:0:1	t	2026-04-16 16:46:05.642088+00	2026-04-09 16:46:05.642088+00	2026-04-09 16:46:05.642088+00
41920ea1-8911-4eaf-8b05-35eccfd3d564	18338ff9-86a8-4ec2-8459-0c8cadc7adc1	99a1f1a5-f99b-426f-934f-a459586c179f	Mozilla/5.0 (Windows NT 10.0; Win64; x64) AppleWebKit/537.36 (KHTML, like Gecko) Chrome/146.0.0.0 Safari/537.36	0:0:0:0:0:0:0:1	t	2026-04-16 16:46:29.561611+00	2026-04-09 16:46:29.561611+00	2026-04-09 16:46:29.561611+00
c5373a33-8671-4bb6-8754-7fa5ec51d0ff	18338ff9-86a8-4ec2-8459-0c8cadc7adc1	5bb4336b-451b-4033-a4f4-a7d7ceaf3865	Mozilla/5.0 (Windows NT 10.0; Win64; x64) AppleWebKit/537.36 (KHTML, like Gecko) Chrome/146.0.0.0 Safari/537.36	0:0:0:0:0:0:0:1	t	2026-04-16 16:46:50.748608+00	2026-04-09 16:46:50.748608+00	2026-04-09 16:46:50.748608+00
ec6e42e7-1399-4f64-8a91-d9d56c4847c1	18338ff9-86a8-4ec2-8459-0c8cadc7adc1	61b93855-f3a0-44d0-83e7-d321eeecd5c3	Mozilla/5.0 (Windows NT 10.0; Win64; x64) AppleWebKit/537.36 (KHTML, like Gecko) Chrome/146.0.0.0 Safari/537.36	0:0:0:0:0:0:0:1	t	2026-04-16 16:46:58.031668+00	2026-04-09 16:46:58.031668+00	2026-04-09 16:46:58.031668+00
b31f69cc-bbfc-4189-acb9-55e9cd491554	18338ff9-86a8-4ec2-8459-0c8cadc7adc1	32f33f1a-655c-4538-a3ea-f8e55320bd36	Mozilla/5.0 (Windows NT 10.0; Win64; x64) AppleWebKit/537.36 (KHTML, like Gecko) Chrome/146.0.0.0 Safari/537.36	0:0:0:0:0:0:0:1	t	2026-04-16 16:48:42.920855+00	2026-04-09 16:48:42.920855+00	2026-04-09 16:48:42.920855+00
9d68f168-2629-4439-bdf2-85551a5caf02	18338ff9-86a8-4ec2-8459-0c8cadc7adc1	9425a65d-a9b4-448a-a8b7-6fda480eef95	Mozilla/5.0 (Windows NT 10.0; Win64; x64) AppleWebKit/537.36 (KHTML, like Gecko) Chrome/146.0.0.0 Safari/537.36	0:0:0:0:0:0:0:1	t	2026-04-16 16:48:45.543101+00	2026-04-09 16:48:45.543101+00	2026-04-09 16:48:45.543101+00
2bd07f4c-6348-46c0-b4c0-509df9215aef	18338ff9-86a8-4ec2-8459-0c8cadc7adc1	9954b65a-b3a0-4de8-91ba-62578e9b0a95	Mozilla/5.0 (Windows NT 10.0; Win64; x64) AppleWebKit/537.36 (KHTML, like Gecko) Chrome/146.0.0.0 Safari/537.36	0:0:0:0:0:0:0:1	t	2026-04-16 16:48:58.906128+00	2026-04-09 16:48:58.906128+00	2026-04-09 16:48:58.906128+00
e72bbc32-437a-4d06-b9e9-e92fb7efc8bd	18338ff9-86a8-4ec2-8459-0c8cadc7adc1	a15e9be8-db0f-4181-b331-71a0b1536184	Mozilla/5.0 (Windows NT 10.0; Win64; x64) AppleWebKit/537.36 (KHTML, like Gecko) Chrome/146.0.0.0 Safari/537.36	0:0:0:0:0:0:0:1	t	2026-04-16 16:49:24.590858+00	2026-04-09 16:49:24.590858+00	2026-04-09 16:49:24.590858+00
4f61c1bb-f1ac-4a50-ad7a-9cdfb64764ae	18338ff9-86a8-4ec2-8459-0c8cadc7adc1	f4f4074a-1e20-4725-9962-34f6226cbb63	Mozilla/5.0 (Windows NT 10.0; Win64; x64) AppleWebKit/537.36 (KHTML, like Gecko) Chrome/146.0.0.0 Safari/537.36	0:0:0:0:0:0:0:1	t	2026-04-16 16:49:47.311221+00	2026-04-09 16:49:47.311221+00	2026-04-09 16:49:47.311221+00
8857baf1-b171-4c7a-8936-a334a1871fa1	18338ff9-86a8-4ec2-8459-0c8cadc7adc1	b51cf9e7-ef98-4d12-905e-61ea2120b678	Mozilla/5.0 (Windows NT 10.0; Win64; x64) AppleWebKit/537.36 (KHTML, like Gecko) Chrome/146.0.0.0 Safari/537.36	0:0:0:0:0:0:0:1	t	2026-04-16 16:51:28.687353+00	2026-04-09 16:51:28.687353+00	2026-04-09 16:51:28.687353+00
4167a2e7-e923-41c2-9c3e-6a2f5e37fc05	18338ff9-86a8-4ec2-8459-0c8cadc7adc1	4a09a6df-61b3-404c-8450-7542d0acfa82	Mozilla/5.0 (Windows NT 10.0; Win64; x64) AppleWebKit/537.36 (KHTML, like Gecko) Chrome/146.0.0.0 Safari/537.36	0:0:0:0:0:0:0:1	t	2026-04-16 16:52:06.429334+00	2026-04-09 16:52:06.429334+00	2026-04-09 16:52:06.429334+00
ca1719b4-f80a-4df9-8ef3-aa6cb4e8d16e	18338ff9-86a8-4ec2-8459-0c8cadc7adc1	849c16d5-bb60-4c5d-af27-f51af880dabe	Mozilla/5.0 (Windows NT 10.0; Win64; x64) AppleWebKit/537.36 (KHTML, like Gecko) Chrome/146.0.0.0 Safari/537.36	0:0:0:0:0:0:0:1	t	2026-04-16 16:52:23.014012+00	2026-04-09 16:52:23.014012+00	2026-04-09 16:52:23.014012+00
b037e6a4-216e-4ca6-8238-4dc00c028c69	18338ff9-86a8-4ec2-8459-0c8cadc7adc1	a5288c90-d017-4d69-ba40-3f550579cd0a	Mozilla/5.0 (Windows NT 10.0; Win64; x64) AppleWebKit/537.36 (KHTML, like Gecko) Chrome/146.0.0.0 Safari/537.36	0:0:0:0:0:0:0:1	t	2026-04-16 16:55:20.989566+00	2026-04-09 16:55:20.989566+00	2026-04-09 16:55:20.989566+00
5daee5cc-4a65-4b71-9977-22e4515cee52	18338ff9-86a8-4ec2-8459-0c8cadc7adc1	5e0a0bfe-da5e-438e-860d-77e4a05c7ed8	Mozilla/5.0 (Windows NT 10.0; Win64; x64) AppleWebKit/537.36 (KHTML, like Gecko) Chrome/146.0.0.0 Safari/537.36	0:0:0:0:0:0:0:1	t	2026-04-16 16:58:35.378508+00	2026-04-09 16:58:35.378508+00	2026-04-09 16:58:35.378508+00
0905e47c-6252-4fb6-b5b6-8518389b8e97	18338ff9-86a8-4ec2-8459-0c8cadc7adc1	cc21ce6b-91f2-408a-8f19-054c8820e72a	Mozilla/5.0 (Windows NT 10.0; Win64; x64) AppleWebKit/537.36 (KHTML, like Gecko) Chrome/146.0.0.0 Safari/537.36	0:0:0:0:0:0:0:1	t	2026-04-16 16:58:50.778275+00	2026-04-09 16:58:50.778275+00	2026-04-09 16:58:50.778275+00
09ae1414-b494-4e91-926b-1c13a50eb1eb	18338ff9-86a8-4ec2-8459-0c8cadc7adc1	c6951818-5403-4c88-ade9-c901e4ea0f8f	Mozilla/5.0 (Windows NT 10.0; Win64; x64) AppleWebKit/537.36 (KHTML, like Gecko) Chrome/146.0.0.0 Safari/537.36	0:0:0:0:0:0:0:1	t	2026-04-16 17:10:29.028453+00	2026-04-09 17:10:29.028453+00	2026-04-09 17:10:29.028453+00
e57f26bd-68f4-4d59-b0c3-e292eeef24e1	18338ff9-86a8-4ec2-8459-0c8cadc7adc1	c5fe3d95-cfb5-4a72-83c2-94b8926a68c9	Mozilla/5.0 (Windows NT 10.0; Win64; x64) AppleWebKit/537.36 (KHTML, like Gecko) Chrome/146.0.0.0 Safari/537.36	0:0:0:0:0:0:0:1	t	2026-04-16 17:10:30.740386+00	2026-04-09 17:10:30.740386+00	2026-04-09 17:10:30.740386+00
7638ae38-654d-44af-a821-e4867f635758	18338ff9-86a8-4ec2-8459-0c8cadc7adc1	de514615-2d31-443e-81be-f5b99964f1d3	Mozilla/5.0 (Windows NT 10.0; Win64; x64) AppleWebKit/537.36 (KHTML, like Gecko) Chrome/146.0.0.0 Safari/537.36	0:0:0:0:0:0:0:1	t	2026-04-16 17:10:31.603626+00	2026-04-09 17:10:31.603626+00	2026-04-09 17:10:31.603626+00
46683ba0-3159-49a4-ab59-4c1f5b97e76b	18338ff9-86a8-4ec2-8459-0c8cadc7adc1	485623e4-0f30-49b3-b80f-5032132568e7	Mozilla/5.0 (Windows NT 10.0; Win64; x64) AppleWebKit/537.36 (KHTML, like Gecko) Chrome/146.0.0.0 Safari/537.36	0:0:0:0:0:0:0:1	t	2026-04-16 17:11:08.056119+00	2026-04-09 17:11:08.056119+00	2026-04-09 17:11:08.056119+00
015ea9bd-5aa8-4c72-923b-3f58a765b36a	18338ff9-86a8-4ec2-8459-0c8cadc7adc1	347be77f-2592-413d-8c9b-4326d67e95ed	Mozilla/5.0 (Windows NT 10.0; Win64; x64) AppleWebKit/537.36 (KHTML, like Gecko) Chrome/146.0.0.0 Safari/537.36	0:0:0:0:0:0:0:1	t	2026-04-16 17:11:17.740499+00	2026-04-09 17:11:17.740499+00	2026-04-09 17:11:17.740499+00
f835c507-2a44-4d5e-8f9e-3c296c51cd65	18338ff9-86a8-4ec2-8459-0c8cadc7adc1	d4108059-3fe4-4a5d-adda-aea093253f56	Mozilla/5.0 (Windows NT 10.0; Win64; x64) AppleWebKit/537.36 (KHTML, like Gecko) Chrome/146.0.0.0 Safari/537.36	0:0:0:0:0:0:0:1	t	2026-04-16 17:11:24.709771+00	2026-04-09 17:11:24.709771+00	2026-04-09 17:11:24.709771+00
165f234c-7847-4999-bca4-6974bf16357e	18338ff9-86a8-4ec2-8459-0c8cadc7adc1	f0b565e9-bda3-42f2-929b-5ed6783257ac	Mozilla/5.0 (Windows NT 10.0; Win64; x64) AppleWebKit/537.36 (KHTML, like Gecko) Chrome/146.0.0.0 Safari/537.36	0:0:0:0:0:0:0:1	t	2026-04-16 17:13:16.819568+00	2026-04-09 17:13:16.819568+00	2026-04-09 17:13:16.819568+00
76101400-b7f8-4bb7-8dfd-07dc35956850	18338ff9-86a8-4ec2-8459-0c8cadc7adc1	69bf4423-73a7-4a08-b2a4-45baf95d2873	Mozilla/5.0 (Windows NT 10.0; Win64; x64) AppleWebKit/537.36 (KHTML, like Gecko) Chrome/146.0.0.0 Safari/537.36	0:0:0:0:0:0:0:1	t	2026-04-17 05:15:46.916798+00	2026-04-10 05:15:46.916798+00	2026-04-10 05:15:46.916798+00
9d9c59de-144b-4ba4-ad44-e8c903ac1b03	18338ff9-86a8-4ec2-8459-0c8cadc7adc1	8f4b5f3a-fd23-469c-94a0-a7666c78d137	Mozilla/5.0 (Windows NT 10.0; Win64; x64) AppleWebKit/537.36 (KHTML, like Gecko) Chrome/146.0.0.0 Safari/537.36	0:0:0:0:0:0:0:1	t	2026-04-17 05:29:36.500935+00	2026-04-10 05:29:36.500935+00	2026-04-10 05:29:36.500935+00
fa1d9369-ae44-44b0-b856-32fc5e833775	18338ff9-86a8-4ec2-8459-0c8cadc7adc1	c59f2bc2-712c-447a-8582-06bbdb406cec	Mozilla/5.0 (Windows NT 10.0; Win64; x64) AppleWebKit/537.36 (KHTML, like Gecko) Chrome/146.0.0.0 Safari/537.36	0:0:0:0:0:0:0:1	t	2026-04-17 05:43:00.449531+00	2026-04-10 05:43:00.449531+00	2026-04-10 05:43:00.449531+00
8221aa60-fb20-4820-9005-e9dbd4c216de	18338ff9-86a8-4ec2-8459-0c8cadc7adc1	c94ced23-6964-497c-8cc1-1b8a666c10f8	Mozilla/5.0 (Windows NT 10.0; Win64; x64) AppleWebKit/537.36 (KHTML, like Gecko) Chrome/147.0.0.0 Safari/537.36	0:0:0:0:0:0:0:1	t	2026-04-21 02:15:02.351917+00	2026-04-14 02:15:02.351917+00	2026-04-14 02:15:02.351917+00
313fd94e-ff67-4133-9ce6-8ea84e6e8967	18338ff9-86a8-4ec2-8459-0c8cadc7adc1	ec70b09c-e187-4ec6-adb3-b06a5d0f3f7f	Mozilla/5.0 (Windows NT 10.0; Win64; x64) AppleWebKit/537.36 (KHTML, like Gecko) Chrome/147.0.0.0 Safari/537.36	0:0:0:0:0:0:0:1	t	2026-04-21 02:35:50.102597+00	2026-04-14 02:35:50.102597+00	2026-04-14 02:35:50.102597+00
547ec7db-4c14-408d-b582-5c968ba1d52f	18338ff9-86a8-4ec2-8459-0c8cadc7adc1	c0d3045f-8c66-445f-87a5-22093a5b5b08	Mozilla/5.0 (Windows NT 10.0; Win64; x64) AppleWebKit/537.36 (KHTML, like Gecko) Chrome/147.0.0.0 Safari/537.36	0:0:0:0:0:0:0:1	t	2026-04-21 03:09:20.844507+00	2026-04-14 03:09:20.844507+00	2026-04-14 03:09:20.844507+00
e8357a9e-f526-4e04-964d-b7d57c6eba83	18338ff9-86a8-4ec2-8459-0c8cadc7adc1	ce720cf9-867f-4bc7-ba99-a2f2f5d8d058	Mozilla/5.0 (Windows NT 10.0; Win64; x64) AppleWebKit/537.36 (KHTML, like Gecko) Chrome/147.0.0.0 Safari/537.36	0:0:0:0:0:0:0:1	t	2026-04-21 03:15:02.404855+00	2026-04-14 03:15:02.404855+00	2026-04-14 03:15:02.404855+00
48489f4c-7106-4801-b275-6919261eec56	18338ff9-86a8-4ec2-8459-0c8cadc7adc1	32a38ebc-0f93-4d6f-a278-78d7962f32b7	Mozilla/5.0 (Windows NT 10.0; Win64; x64) AppleWebKit/537.36 (KHTML, like Gecko) Chrome/147.0.0.0 Safari/537.36	0:0:0:0:0:0:0:1	t	2026-04-21 07:38:46.656547+00	2026-04-14 07:38:46.656547+00	2026-04-14 07:38:46.656547+00
c12410df-17fc-44cf-b5eb-6ebb58d64561	18338ff9-86a8-4ec2-8459-0c8cadc7adc1	19a0abad-68ce-4b17-9618-a4f482dde95f	Mozilla/5.0 (Windows NT 10.0; Win64; x64) AppleWebKit/537.36 (KHTML, like Gecko) Chrome/147.0.0.0 Safari/537.36	0:0:0:0:0:0:0:1	t	2026-04-21 08:11:26.382394+00	2026-04-14 08:11:26.382394+00	2026-04-14 08:11:26.382394+00
b053d87d-7c95-4b50-a345-6f44a98ea6c0	18338ff9-86a8-4ec2-8459-0c8cadc7adc1	94101cf6-d07c-4f24-8c31-d68573d947dd	Mozilla/5.0 (Windows NT 10.0; Win64; x64) AppleWebKit/537.36 (KHTML, like Gecko) Chrome/147.0.0.0 Safari/537.36	0:0:0:0:0:0:0:1	t	2026-04-21 08:11:30.704222+00	2026-04-14 08:11:30.704222+00	2026-04-14 08:11:30.704222+00
dac23eb0-61f8-4379-8355-d8e2c8a5547a	18338ff9-86a8-4ec2-8459-0c8cadc7adc1	cfe5b978-19bf-4be7-ae8e-6a6448fdfccf	Mozilla/5.0 (Windows NT 10.0; Win64; x64) AppleWebKit/537.36 (KHTML, like Gecko) Chrome/147.0.0.0 Safari/537.36	0:0:0:0:0:0:0:1	t	2026-04-21 08:11:31.893637+00	2026-04-14 08:11:31.893637+00	2026-04-14 08:11:31.893637+00
96b771b5-a5c1-4d19-b1cf-d890ed06f14a	18338ff9-86a8-4ec2-8459-0c8cadc7adc1	1fcfd139-c061-482e-ac87-90a10f7b884d	Mozilla/5.0 (Windows NT 10.0; Win64; x64) AppleWebKit/537.36 (KHTML, like Gecko) Chrome/147.0.0.0 Safari/537.36	0:0:0:0:0:0:0:1	t	2026-04-21 08:11:44.649574+00	2026-04-14 08:11:44.649574+00	2026-04-14 08:11:44.649574+00
e8cf7416-4f31-4621-bdfe-2829f2342d51	18338ff9-86a8-4ec2-8459-0c8cadc7adc1	3369b4f3-a5cc-49c1-9586-edddb506230e	Mozilla/5.0 (Windows NT 10.0; Win64; x64) AppleWebKit/537.36 (KHTML, like Gecko) Chrome/147.0.0.0 Safari/537.36	0:0:0:0:0:0:0:1	t	2026-04-21 08:11:50.482574+00	2026-04-14 08:11:50.482574+00	2026-04-14 08:11:50.482574+00
ecc36cfe-a984-4835-be21-edc69ff266e1	18338ff9-86a8-4ec2-8459-0c8cadc7adc1	2593849f-fa95-472d-aedd-76fac97533d2	Mozilla/5.0 (Windows NT 10.0; Win64; x64) AppleWebKit/537.36 (KHTML, like Gecko) Chrome/147.0.0.0 Safari/537.36	0:0:0:0:0:0:0:1	t	2026-04-21 08:12:02.435493+00	2026-04-14 08:12:02.435493+00	2026-04-14 08:12:02.435493+00
2be7e6b0-7e04-4324-8cf5-f7a8a41cbd10	18338ff9-86a8-4ec2-8459-0c8cadc7adc1	da5153e8-cad1-4a0a-93cc-4a411fc5d20c	Mozilla/5.0 (Windows NT 10.0; Win64; x64) AppleWebKit/537.36 (KHTML, like Gecko) Chrome/147.0.0.0 Safari/537.36	0:0:0:0:0:0:0:1	t	2026-04-21 08:12:46.643442+00	2026-04-14 08:12:46.643442+00	2026-04-14 08:12:46.643442+00
ce126b8e-78c0-4d8c-bb77-2ab1f33d9663	18338ff9-86a8-4ec2-8459-0c8cadc7adc1	1e69216f-76c2-458b-9b92-1500971a6663	Mozilla/5.0 (Windows NT 10.0; Win64; x64) AppleWebKit/537.36 (KHTML, like Gecko) Chrome/147.0.0.0 Safari/537.36	0:0:0:0:0:0:0:1	t	2026-04-21 08:13:35.79376+00	2026-04-14 08:13:35.79376+00	2026-04-14 08:13:35.79376+00
47b7db8e-fc3a-4afc-aff1-e6bc6e2464c2	18338ff9-86a8-4ec2-8459-0c8cadc7adc1	0f60b8cc-6b9d-4f66-8364-dae2eba4f203	Mozilla/5.0 (Windows NT 10.0; Win64; x64) AppleWebKit/537.36 (KHTML, like Gecko) Chrome/147.0.0.0 Safari/537.36	0:0:0:0:0:0:0:1	t	2026-04-21 08:13:58.927618+00	2026-04-14 08:13:58.927618+00	2026-04-14 08:13:58.927618+00
e10ff99b-2f47-4766-855a-6eec5b583773	18338ff9-86a8-4ec2-8459-0c8cadc7adc1	2eeb28e8-dbcb-45e8-9081-f2dc3deb324b	Mozilla/5.0 (Windows NT 10.0; Win64; x64) AppleWebKit/537.36 (KHTML, like Gecko) Chrome/147.0.0.0 Safari/537.36	0:0:0:0:0:0:0:1	t	2026-04-21 08:15:11.617887+00	2026-04-14 08:15:11.617887+00	2026-04-14 08:15:11.617887+00
a589ef31-8cc4-4a6f-acbe-23cdc9ffbf46	18338ff9-86a8-4ec2-8459-0c8cadc7adc1	bd867a6c-0b75-4f9e-b3a3-b2e6f585d5d6	Mozilla/5.0 (Windows NT 10.0; Win64; x64) AppleWebKit/537.36 (KHTML, like Gecko) Chrome/147.0.0.0 Safari/537.36	0:0:0:0:0:0:0:1	t	2026-04-21 08:16:52.608825+00	2026-04-14 08:16:52.608825+00	2026-04-14 08:16:52.608825+00
23c2fe4b-df89-482b-9f6c-7a7808689cf4	18338ff9-86a8-4ec2-8459-0c8cadc7adc1	34666ac2-acde-4b35-ac04-416ed9a580e7	Mozilla/5.0 (Windows NT 10.0; Win64; x64) AppleWebKit/537.36 (KHTML, like Gecko) Chrome/147.0.0.0 Safari/537.36	0:0:0:0:0:0:0:1	t	2026-04-21 08:16:54.000618+00	2026-04-14 08:16:54.000618+00	2026-04-14 08:16:54.000618+00
979cf103-3c21-4c52-9e2f-a3a08779da2f	18338ff9-86a8-4ec2-8459-0c8cadc7adc1	8aa0fb15-99f2-416b-97af-9c24d3dd1717	Mozilla/5.0 (Windows NT 10.0; Win64; x64) AppleWebKit/537.36 (KHTML, like Gecko) Chrome/147.0.0.0 Safari/537.36	0:0:0:0:0:0:0:1	t	2026-04-21 08:17:35.88833+00	2026-04-14 08:17:35.88833+00	2026-04-14 08:17:35.88833+00
d7a3c554-0e42-4e99-8690-d26c60e02d3b	18338ff9-86a8-4ec2-8459-0c8cadc7adc1	73027ddc-638b-41fc-b152-764b37d710fb	Mozilla/5.0 (Windows NT 10.0; Win64; x64) AppleWebKit/537.36 (KHTML, like Gecko) Chrome/147.0.0.0 Safari/537.36	0:0:0:0:0:0:0:1	t	2026-04-21 08:17:48.209255+00	2026-04-14 08:17:48.209255+00	2026-04-14 08:17:48.209255+00
e15d9607-57a9-4df7-8f53-835c6a528c1a	18338ff9-86a8-4ec2-8459-0c8cadc7adc1	445d4d47-0a65-4d16-8fd8-ef61285685ab	Mozilla/5.0 (Windows NT 10.0; Win64; x64) AppleWebKit/537.36 (KHTML, like Gecko) Chrome/147.0.0.0 Safari/537.36	0:0:0:0:0:0:0:1	t	2026-04-21 08:18:03.483798+00	2026-04-14 08:18:03.483798+00	2026-04-14 08:18:03.483798+00
8ce8d609-3ba9-4f1d-8fea-9b50d8b9e2d5	18338ff9-86a8-4ec2-8459-0c8cadc7adc1	d8f4b647-2562-4407-88a8-caf0b45c392d	Mozilla/5.0 (Windows NT 10.0; Win64; x64) AppleWebKit/537.36 (KHTML, like Gecko) Chrome/147.0.0.0 Safari/537.36	0:0:0:0:0:0:0:1	t	2026-04-21 08:18:48.053824+00	2026-04-14 08:18:48.053824+00	2026-04-14 08:18:48.053824+00
12e6b610-f819-47af-a279-65ab6fadd837	18338ff9-86a8-4ec2-8459-0c8cadc7adc1	79cac9c4-e4fa-4ff9-95a1-3f93316433b5	Mozilla/5.0 (Windows NT 10.0; Win64; x64) AppleWebKit/537.36 (KHTML, like Gecko) Chrome/147.0.0.0 Safari/537.36	0:0:0:0:0:0:0:1	t	2026-04-21 08:19:09.392472+00	2026-04-14 08:19:09.392472+00	2026-04-14 08:19:09.392472+00
cee48c1d-51ec-46ed-a1d8-9925a20a80f1	18338ff9-86a8-4ec2-8459-0c8cadc7adc1	f8488652-125b-455e-9241-4ec7d03cbbb2	Mozilla/5.0 (Windows NT 10.0; Win64; x64) AppleWebKit/537.36 (KHTML, like Gecko) Chrome/147.0.0.0 Safari/537.36	0:0:0:0:0:0:0:1	t	2026-04-21 08:19:13.566394+00	2026-04-14 08:19:13.566394+00	2026-04-14 08:19:13.566394+00
4277c07b-afe0-4f04-919b-9bb1d964cf9a	18338ff9-86a8-4ec2-8459-0c8cadc7adc1	6ad0ac86-8e0e-4218-93c0-11e483278b14	Mozilla/5.0 (Windows NT 10.0; Win64; x64) AppleWebKit/537.36 (KHTML, like Gecko) Chrome/147.0.0.0 Safari/537.36	0:0:0:0:0:0:0:1	t	2026-04-21 08:21:27.515958+00	2026-04-14 08:21:27.515958+00	2026-04-14 08:21:27.515958+00
a240fe40-8bd6-4ccb-b899-0254067037bc	18338ff9-86a8-4ec2-8459-0c8cadc7adc1	80fc8a9a-f3c6-48cc-882c-51150b1ef6e3	Mozilla/5.0 (Windows NT 10.0; Win64; x64) AppleWebKit/537.36 (KHTML, like Gecko) Chrome/147.0.0.0 Safari/537.36	0:0:0:0:0:0:0:1	t	2026-04-21 08:22:01.114716+00	2026-04-14 08:22:01.114716+00	2026-04-14 08:22:01.114716+00
a33a9642-de72-471b-8501-8586f1613290	18338ff9-86a8-4ec2-8459-0c8cadc7adc1	b29d8f6b-1c94-454b-a8f5-151f0f50ba06	Mozilla/5.0 (Windows NT 10.0; Win64; x64) AppleWebKit/537.36 (KHTML, like Gecko) Chrome/147.0.0.0 Safari/537.36	0:0:0:0:0:0:0:1	t	2026-04-21 08:22:03.601997+00	2026-04-14 08:22:03.601997+00	2026-04-14 08:22:03.601997+00
ce8626db-af45-4a06-9b2b-4d85ae440bad	18338ff9-86a8-4ec2-8459-0c8cadc7adc1	42d7c4e6-50f2-4860-8610-96c0e01493df	Mozilla/5.0 (Windows NT 10.0; Win64; x64) AppleWebKit/537.36 (KHTML, like Gecko) Chrome/147.0.0.0 Safari/537.36	0:0:0:0:0:0:0:1	t	2026-04-21 08:22:32.05778+00	2026-04-14 08:22:32.05778+00	2026-04-14 08:22:32.05778+00
c9d744d0-5518-4fc3-82cf-9980641bd34f	18338ff9-86a8-4ec2-8459-0c8cadc7adc1	4d99d359-3601-4c29-a5cd-e7f97635314c	Mozilla/5.0 (Windows NT 10.0; Win64; x64) AppleWebKit/537.36 (KHTML, like Gecko) Chrome/147.0.0.0 Safari/537.36	0:0:0:0:0:0:0:1	t	2026-04-21 08:23:04.728184+00	2026-04-14 08:23:04.728184+00	2026-04-14 08:23:04.728184+00
61b25807-56fa-4a92-8020-81da1df107c0	18338ff9-86a8-4ec2-8459-0c8cadc7adc1	620c4d9c-aa89-454d-a365-3bac126251bf	Mozilla/5.0 (Windows NT 10.0; Win64; x64) AppleWebKit/537.36 (KHTML, like Gecko) Chrome/147.0.0.0 Safari/537.36	0:0:0:0:0:0:0:1	t	2026-04-21 08:23:08.16295+00	2026-04-14 08:23:08.16295+00	2026-04-14 08:23:08.16295+00
77fb55f1-ca55-4e53-a7e5-8e29de6357ab	18338ff9-86a8-4ec2-8459-0c8cadc7adc1	cc89de95-7044-4c0b-9fab-691b8cf1d8be	Mozilla/5.0 (Windows NT 10.0; Win64; x64) AppleWebKit/537.36 (KHTML, like Gecko) Chrome/147.0.0.0 Safari/537.36	0:0:0:0:0:0:0:1	t	2026-04-21 08:23:17.554039+00	2026-04-14 08:23:17.554039+00	2026-04-14 08:23:17.554039+00
add6bd1e-7d92-41c6-9b15-72a06e2b3afc	18338ff9-86a8-4ec2-8459-0c8cadc7adc1	93fedc39-454b-4f92-ab23-7ca341d32925	Mozilla/5.0 (Windows NT 10.0; Win64; x64) AppleWebKit/537.36 (KHTML, like Gecko) Chrome/147.0.0.0 Safari/537.36	0:0:0:0:0:0:0:1	t	2026-04-21 08:23:44.495328+00	2026-04-14 08:23:44.495328+00	2026-04-14 08:23:44.495328+00
74a7844b-943b-4ed9-9606-91599779926e	18338ff9-86a8-4ec2-8459-0c8cadc7adc1	f8fdf4a3-b16f-42f1-a514-383b1b3143d5	Mozilla/5.0 (Windows NT 10.0; Win64; x64) AppleWebKit/537.36 (KHTML, like Gecko) Chrome/147.0.0.0 Safari/537.36	0:0:0:0:0:0:0:1	t	2026-04-21 08:26:01.178303+00	2026-04-14 08:26:01.178303+00	2026-04-14 08:26:01.178303+00
053b9cc6-7225-407b-ac90-a2fcc9cfd096	18338ff9-86a8-4ec2-8459-0c8cadc7adc1	f18f1434-b6f8-4c7f-98b3-b30a22ba95ca	Mozilla/5.0 (Windows NT 10.0; Win64; x64) AppleWebKit/537.36 (KHTML, like Gecko) Chrome/147.0.0.0 Safari/537.36	0:0:0:0:0:0:0:1	t	2026-04-21 08:26:03.316829+00	2026-04-14 08:26:03.316829+00	2026-04-14 08:26:03.316829+00
3c7b753d-f6a8-4597-9de0-78258e279457	18338ff9-86a8-4ec2-8459-0c8cadc7adc1	cfea9630-94e6-4acd-a68c-4816774ec16b	Mozilla/5.0 (Windows NT 10.0; Win64; x64) AppleWebKit/537.36 (KHTML, like Gecko) Chrome/147.0.0.0 Safari/537.36	0:0:0:0:0:0:0:1	t	2026-04-21 08:26:04.678823+00	2026-04-14 08:26:04.678823+00	2026-04-14 08:26:04.678823+00
02e5ae26-029c-4ccf-b706-5c34ae9f8a45	18338ff9-86a8-4ec2-8459-0c8cadc7adc1	16228181-2942-4412-aa5d-45d65cc60975	Mozilla/5.0 (Windows NT 10.0; Win64; x64) AppleWebKit/537.36 (KHTML, like Gecko) Chrome/147.0.0.0 Safari/537.36	0:0:0:0:0:0:0:1	t	2026-04-21 08:26:08.947212+00	2026-04-14 08:26:08.947212+00	2026-04-14 08:26:08.947212+00
955bfc9f-8962-4888-8bdb-5001e3396b46	18338ff9-86a8-4ec2-8459-0c8cadc7adc1	837cfae8-50fd-4c2b-b0ad-a30549930a4e	Mozilla/5.0 (Windows NT 10.0; Win64; x64) AppleWebKit/537.36 (KHTML, like Gecko) Chrome/147.0.0.0 Safari/537.36	0:0:0:0:0:0:0:1	t	2026-04-21 08:26:09.63241+00	2026-04-14 08:26:09.63241+00	2026-04-14 08:26:09.63241+00
b519fd1f-b2c2-49ec-8794-cc8fc5ceaf04	18338ff9-86a8-4ec2-8459-0c8cadc7adc1	6a0b9d96-7140-43b5-a732-b034e7dfd9c4	Mozilla/5.0 (Windows NT 10.0; Win64; x64) AppleWebKit/537.36 (KHTML, like Gecko) Chrome/147.0.0.0 Safari/537.36	0:0:0:0:0:0:0:1	t	2026-04-21 08:26:10.096369+00	2026-04-14 08:26:10.096369+00	2026-04-14 08:26:10.096369+00
4cf790c7-1440-461b-b05f-2eec3d7e98aa	18338ff9-86a8-4ec2-8459-0c8cadc7adc1	6f33fafe-4cd3-4074-93ef-c8910fdeaf39	Mozilla/5.0 (Windows NT 10.0; Win64; x64) AppleWebKit/537.36 (KHTML, like Gecko) Chrome/147.0.0.0 Safari/537.36	0:0:0:0:0:0:0:1	t	2026-04-21 08:26:10.596027+00	2026-04-14 08:26:10.596027+00	2026-04-14 08:26:10.596027+00
f81c7c10-76d5-4d6e-a036-81f41b9519e7	18338ff9-86a8-4ec2-8459-0c8cadc7adc1	7f6ec2a6-79f1-4eaf-8a97-c2f54906843b	Mozilla/5.0 (Windows NT 10.0; Win64; x64) AppleWebKit/537.36 (KHTML, like Gecko) Chrome/147.0.0.0 Safari/537.36	0:0:0:0:0:0:0:1	t	2026-04-21 08:26:15.695997+00	2026-04-14 08:26:15.695997+00	2026-04-14 08:26:15.695997+00
c4b495db-f489-4631-a707-c96b78910ada	18338ff9-86a8-4ec2-8459-0c8cadc7adc1	c3303fd7-887a-446e-ba59-cdc178758ad8	Mozilla/5.0 (Windows NT 10.0; Win64; x64) AppleWebKit/537.36 (KHTML, like Gecko) Chrome/147.0.0.0 Safari/537.36	0:0:0:0:0:0:0:1	t	2026-04-21 08:28:50.98383+00	2026-04-14 08:28:50.98383+00	2026-04-14 08:28:50.98383+00
0239eea8-176d-4a16-9a2f-8ff5ef913aa8	18338ff9-86a8-4ec2-8459-0c8cadc7adc1	e968bf63-084c-4584-a85a-a91f2b707924	Mozilla/5.0 (Windows NT 10.0; Win64; x64) AppleWebKit/537.36 (KHTML, like Gecko) Chrome/147.0.0.0 Safari/537.36	0:0:0:0:0:0:0:1	t	2026-04-21 08:28:52.622287+00	2026-04-14 08:28:52.622287+00	2026-04-14 08:28:52.622287+00
0d4bb867-52fe-4132-9467-a327503efc80	18338ff9-86a8-4ec2-8459-0c8cadc7adc1	23b87f53-3f1e-48b6-ac57-a68e43463435	Mozilla/5.0 (Windows NT 10.0; Win64; x64) AppleWebKit/537.36 (KHTML, like Gecko) Chrome/147.0.0.0 Safari/537.36	0:0:0:0:0:0:0:1	t	2026-04-21 08:29:25.754645+00	2026-04-14 08:29:25.754645+00	2026-04-14 08:29:25.754645+00
529d179c-42d2-445d-a356-52f5a1b97c38	18338ff9-86a8-4ec2-8459-0c8cadc7adc1	a8f23cc0-c9b6-4d22-b66f-041b4c494c20	Mozilla/5.0 (Windows NT 10.0; Win64; x64) AppleWebKit/537.36 (KHTML, like Gecko) Chrome/147.0.0.0 Safari/537.36	0:0:0:0:0:0:0:1	t	2026-04-21 08:29:28.167811+00	2026-04-14 08:29:28.167811+00	2026-04-14 08:29:28.167811+00
be0c58df-0729-474e-888c-d15b2ad6e380	18338ff9-86a8-4ec2-8459-0c8cadc7adc1	d60c6deb-4b60-4a1a-b94f-91546033ca42	Mozilla/5.0 (Windows NT 10.0; Win64; x64) AppleWebKit/537.36 (KHTML, like Gecko) Chrome/147.0.0.0 Safari/537.36	0:0:0:0:0:0:0:1	t	2026-04-21 08:29:45.384149+00	2026-04-14 08:29:45.384149+00	2026-04-14 08:29:45.384149+00
fc3d1b1f-8e1b-4c22-abf5-3fbe086fe0ed	18338ff9-86a8-4ec2-8459-0c8cadc7adc1	5716a9b4-0ac1-4e06-bf6e-27f34cca1816	Mozilla/5.0 (Windows NT 10.0; Win64; x64) AppleWebKit/537.36 (KHTML, like Gecko) Chrome/147.0.0.0 Safari/537.36	0:0:0:0:0:0:0:1	t	2026-04-21 08:35:52.588079+00	2026-04-14 08:35:52.588079+00	2026-04-14 08:35:52.588079+00
d29dddf0-5bd5-4bee-adbc-c3e81677fd10	18338ff9-86a8-4ec2-8459-0c8cadc7adc1	46e445dc-d24e-4ef0-b05e-a365c22e758f	Mozilla/5.0 (Windows NT 10.0; Win64; x64) AppleWebKit/537.36 (KHTML, like Gecko) Chrome/147.0.0.0 Safari/537.36	0:0:0:0:0:0:0:1	t	2026-04-21 08:35:58.293849+00	2026-04-14 08:35:58.293849+00	2026-04-14 08:35:58.293849+00
d2264979-3639-4765-9508-4a1437bc814c	18338ff9-86a8-4ec2-8459-0c8cadc7adc1	ffc3f18b-e721-4c9f-8fbe-86e3efe0e578	Mozilla/5.0 (Windows NT 10.0; Win64; x64) AppleWebKit/537.36 (KHTML, like Gecko) Chrome/147.0.0.0 Safari/537.36	0:0:0:0:0:0:0:1	t	2026-04-21 08:37:41.984418+00	2026-04-14 08:37:41.984418+00	2026-04-14 08:37:41.984418+00
67a6074c-9363-4afd-8b4b-a39f2bd5435c	18338ff9-86a8-4ec2-8459-0c8cadc7adc1	e81ab4b2-da78-49c4-a698-f505657ded62	Mozilla/5.0 (Windows NT 10.0; Win64; x64) AppleWebKit/537.36 (KHTML, like Gecko) Chrome/147.0.0.0 Safari/537.36	0:0:0:0:0:0:0:1	t	2026-04-21 08:38:31.027611+00	2026-04-14 08:38:31.027611+00	2026-04-14 08:38:31.027611+00
ec522a75-16e7-40fc-be52-388e1ddaa783	18338ff9-86a8-4ec2-8459-0c8cadc7adc1	690062db-aa6c-454e-88e1-d730070553ed	Mozilla/5.0 (Windows NT 10.0; Win64; x64) AppleWebKit/537.36 (KHTML, like Gecko) Chrome/147.0.0.0 Safari/537.36	0:0:0:0:0:0:0:1	t	2026-04-21 08:40:14.833086+00	2026-04-14 08:40:14.833086+00	2026-04-14 08:40:14.833086+00
ef76b7ac-6efb-4f4b-9b39-225678ef6631	18338ff9-86a8-4ec2-8459-0c8cadc7adc1	cfc254ec-8f82-4168-a496-7e866671e079	Mozilla/5.0 (Windows NT 10.0; Win64; x64) AppleWebKit/537.36 (KHTML, like Gecko) Chrome/147.0.0.0 Safari/537.36	0:0:0:0:0:0:0:1	t	2026-04-21 08:41:58.429118+00	2026-04-14 08:41:58.429118+00	2026-04-14 08:41:58.429118+00
b04fd23f-193c-4eca-a314-e3ee72a05410	18338ff9-86a8-4ec2-8459-0c8cadc7adc1	d0a8f736-0b14-482e-8782-32ccebbf50fa	Mozilla/5.0 (Windows NT 10.0; Win64; x64) AppleWebKit/537.36 (KHTML, like Gecko) Chrome/147.0.0.0 Safari/537.36	0:0:0:0:0:0:0:1	t	2026-04-21 08:42:01.70234+00	2026-04-14 08:42:01.70234+00	2026-04-14 08:42:01.70234+00
6a163693-b343-4431-8d54-c5028666605c	18338ff9-86a8-4ec2-8459-0c8cadc7adc1	4027ffad-feb1-4983-8620-3d651c6832c5	Mozilla/5.0 (Windows NT 10.0; Win64; x64) AppleWebKit/537.36 (KHTML, like Gecko) Chrome/147.0.0.0 Safari/537.36	0:0:0:0:0:0:0:1	t	2026-04-21 08:42:02.878688+00	2026-04-14 08:42:02.878688+00	2026-04-14 08:42:02.878688+00
69f88487-d387-4905-8de9-5d6bea3bda64	18338ff9-86a8-4ec2-8459-0c8cadc7adc1	709e4bce-15ec-4449-8655-b9c6e52c45b5	Mozilla/5.0 (Windows NT 10.0; Win64; x64) AppleWebKit/537.36 (KHTML, like Gecko) Chrome/147.0.0.0 Safari/537.36	0:0:0:0:0:0:0:1	t	2026-04-21 08:42:18.675124+00	2026-04-14 08:42:18.675124+00	2026-04-14 08:42:18.675124+00
a8427a81-1cc2-431d-89ce-1dbe327a018c	18338ff9-86a8-4ec2-8459-0c8cadc7adc1	8025bc38-7c1a-4734-b807-eadaa24e6415	Mozilla/5.0 (Windows NT 10.0; Win64; x64) AppleWebKit/537.36 (KHTML, like Gecko) Chrome/147.0.0.0 Safari/537.36	0:0:0:0:0:0:0:1	t	2026-04-21 08:46:26.656915+00	2026-04-14 08:46:26.656915+00	2026-04-14 08:46:26.656915+00
a671dc0b-de09-47ae-8ca5-f06c2ddf51dd	18338ff9-86a8-4ec2-8459-0c8cadc7adc1	b0eb769b-8932-42f7-a409-aa7f7d603e08	Mozilla/5.0 (Windows NT 10.0; Win64; x64) AppleWebKit/537.36 (KHTML, like Gecko) Chrome/147.0.0.0 Safari/537.36	0:0:0:0:0:0:0:1	t	2026-04-21 08:48:01.023015+00	2026-04-14 08:48:01.023015+00	2026-04-14 08:48:01.023015+00
3ff33a2b-bb1c-41e8-b21c-4a0a1a9f9414	18338ff9-86a8-4ec2-8459-0c8cadc7adc1	b67b4c8d-d71c-4fa3-afa4-cef9643e83e2	Mozilla/5.0 (Windows NT 10.0; Win64; x64) AppleWebKit/537.36 (KHTML, like Gecko) Chrome/147.0.0.0 Safari/537.36	0:0:0:0:0:0:0:1	t	2026-04-21 08:48:02.754452+00	2026-04-14 08:48:02.754452+00	2026-04-14 08:48:02.754452+00
7ee9e3cf-423d-4046-8fc4-131969acc41e	18338ff9-86a8-4ec2-8459-0c8cadc7adc1	09843ed4-075d-46ba-9216-db152f6f2267	Mozilla/5.0 (Windows NT 10.0; Win64; x64) AppleWebKit/537.36 (KHTML, like Gecko) Chrome/147.0.0.0 Safari/537.36	0:0:0:0:0:0:0:1	t	2026-04-21 08:48:07.375295+00	2026-04-14 08:48:07.375295+00	2026-04-14 08:48:07.375295+00
d0f336ed-bbd5-4e90-a751-f821c225bff4	18338ff9-86a8-4ec2-8459-0c8cadc7adc1	6ce951fe-d3cb-465c-a101-a76ddb03d9ff	Mozilla/5.0 (Windows NT 10.0; Win64; x64) AppleWebKit/537.36 (KHTML, like Gecko) Chrome/147.0.0.0 Safari/537.36	0:0:0:0:0:0:0:1	t	2026-04-21 08:49:59.017146+00	2026-04-14 08:49:59.017146+00	2026-04-14 08:49:59.017146+00
19ba0227-7ce2-49b8-9346-a96bce7aa31e	18338ff9-86a8-4ec2-8459-0c8cadc7adc1	c36be394-4f99-4bbd-ae7b-458115887da7	Mozilla/5.0 (Windows NT 10.0; Win64; x64) AppleWebKit/537.36 (KHTML, like Gecko) Chrome/147.0.0.0 Safari/537.36	0:0:0:0:0:0:0:1	t	2026-04-21 08:50:03.404662+00	2026-04-14 08:50:03.404662+00	2026-04-14 08:50:03.404662+00
cfb0d673-f86e-4bf6-bf4b-9fdda8950769	18338ff9-86a8-4ec2-8459-0c8cadc7adc1	5f4dc881-db33-47da-9727-b4537b4822a9	Mozilla/5.0 (Windows NT 10.0; Win64; x64) AppleWebKit/537.36 (KHTML, like Gecko) Chrome/147.0.0.0 Safari/537.36	0:0:0:0:0:0:0:1	t	2026-04-21 08:50:09.248646+00	2026-04-14 08:50:09.248646+00	2026-04-14 08:50:09.248646+00
fbe894cb-e81a-4384-bdd1-2a07d82bce48	18338ff9-86a8-4ec2-8459-0c8cadc7adc1	7d06b5c1-b293-420c-b29c-dd3bf435351e	Mozilla/5.0 (Windows NT 10.0; Win64; x64) AppleWebKit/537.36 (KHTML, like Gecko) Chrome/147.0.0.0 Safari/537.36	0:0:0:0:0:0:0:1	t	2026-04-21 08:50:11.302346+00	2026-04-14 08:50:11.302346+00	2026-04-14 08:50:11.302346+00
465e7090-432d-4d44-b24a-bab05a677806	18338ff9-86a8-4ec2-8459-0c8cadc7adc1	0db5373b-bd2d-458d-bde6-ea277ba83471	Mozilla/5.0 (Windows NT 10.0; Win64; x64) AppleWebKit/537.36 (KHTML, like Gecko) Chrome/147.0.0.0 Safari/537.36	0:0:0:0:0:0:0:1	t	2026-04-21 08:50:12.266919+00	2026-04-14 08:50:12.266919+00	2026-04-14 08:50:12.266919+00
0b85e661-d620-45fd-ac9f-c0ce93a201b7	18338ff9-86a8-4ec2-8459-0c8cadc7adc1	962e8303-2a96-40bd-9bc2-0e20bdf4d5bf	Mozilla/5.0 (Windows NT 10.0; Win64; x64) AppleWebKit/537.36 (KHTML, like Gecko) Chrome/147.0.0.0 Safari/537.36	0:0:0:0:0:0:0:1	t	2026-04-21 08:50:13.193382+00	2026-04-14 08:50:13.193382+00	2026-04-14 08:50:13.193382+00
736b35cd-0fe4-4968-8b5d-ef2ac772a847	18338ff9-86a8-4ec2-8459-0c8cadc7adc1	0d684c23-a268-40de-9317-2cebbdf39397	Mozilla/5.0 (Windows NT 10.0; Win64; x64) AppleWebKit/537.36 (KHTML, like Gecko) Chrome/147.0.0.0 Safari/537.36	0:0:0:0:0:0:0:1	t	2026-04-21 08:50:51.308682+00	2026-04-14 08:50:51.308682+00	2026-04-14 08:50:51.308682+00
c5a46f99-00a9-4ede-bc83-38f55bb404ad	18338ff9-86a8-4ec2-8459-0c8cadc7adc1	96965209-8601-4876-8180-15cdc08fc6b6	Mozilla/5.0 (Windows NT 10.0; Win64; x64) AppleWebKit/537.36 (KHTML, like Gecko) Chrome/147.0.0.0 Safari/537.36	0:0:0:0:0:0:0:1	t	2026-04-21 08:50:52.715587+00	2026-04-14 08:50:52.715587+00	2026-04-14 08:50:52.715587+00
25422827-6ca1-477e-9788-5fbeddce731a	18338ff9-86a8-4ec2-8459-0c8cadc7adc1	2730504a-8f83-4732-844e-62220c909546	Mozilla/5.0 (Windows NT 10.0; Win64; x64) AppleWebKit/537.36 (KHTML, like Gecko) Chrome/147.0.0.0 Safari/537.36	0:0:0:0:0:0:0:1	t	2026-04-21 08:51:00.794495+00	2026-04-14 08:51:00.794495+00	2026-04-14 08:51:00.794495+00
f6e714ac-78a1-41cd-bc8b-e68eea5db0d9	18338ff9-86a8-4ec2-8459-0c8cadc7adc1	f705b122-7533-4aab-b9af-5682129c3589	Mozilla/5.0 (Windows NT 10.0; Win64; x64) AppleWebKit/537.36 (KHTML, like Gecko) Chrome/147.0.0.0 Safari/537.36	0:0:0:0:0:0:0:1	t	2026-04-21 08:52:12.348559+00	2026-04-14 08:52:12.348559+00	2026-04-14 08:52:12.348559+00
87af0b0e-86ea-43ad-9ad6-97762f246e6d	18338ff9-86a8-4ec2-8459-0c8cadc7adc1	9654f3f5-6259-43c8-b7fd-65f11ec15f3c	Mozilla/5.0 (Windows NT 10.0; Win64; x64) AppleWebKit/537.36 (KHTML, like Gecko) Chrome/147.0.0.0 Safari/537.36	0:0:0:0:0:0:0:1	t	2026-04-21 08:52:17.189264+00	2026-04-14 08:52:17.189264+00	2026-04-14 08:52:17.189264+00
cec1b71e-af4f-46d8-82c0-f2507e9c141e	18338ff9-86a8-4ec2-8459-0c8cadc7adc1	0ff4c057-726c-4c1a-adbb-9907b73cc09d	Mozilla/5.0 (Windows NT 10.0; Win64; x64) AppleWebKit/537.36 (KHTML, like Gecko) Chrome/147.0.0.0 Safari/537.36	0:0:0:0:0:0:0:1	t	2026-04-21 08:52:19.995735+00	2026-04-14 08:52:19.995735+00	2026-04-14 08:52:19.995735+00
cd1a7032-3121-406c-adf3-0643a1644e3b	18338ff9-86a8-4ec2-8459-0c8cadc7adc1	00b4b360-950e-463d-ad99-1e27eac7452c	Mozilla/5.0 (Windows NT 10.0; Win64; x64) AppleWebKit/537.36 (KHTML, like Gecko) Chrome/147.0.0.0 Safari/537.36	0:0:0:0:0:0:0:1	t	2026-04-21 09:09:01.474272+00	2026-04-14 09:09:01.474272+00	2026-04-14 09:09:01.474272+00
bedbf338-2132-41c6-b826-60fdf52f9724	18338ff9-86a8-4ec2-8459-0c8cadc7adc1	7fc1fd7c-a418-4a8c-881a-ded3e4e7fc03	Mozilla/5.0 (Windows NT 10.0; Win64; x64) AppleWebKit/537.36 (KHTML, like Gecko) Chrome/147.0.0.0 Safari/537.36	0:0:0:0:0:0:0:1	t	2026-04-21 09:09:56.676532+00	2026-04-14 09:09:56.676532+00	2026-04-14 09:09:56.676532+00
14282016-2bba-45cb-ad11-a2a2983f6f0e	18338ff9-86a8-4ec2-8459-0c8cadc7adc1	851cfece-2392-409e-ad7b-e4a1bb0cd015	Mozilla/5.0 (Windows NT 10.0; Win64; x64) AppleWebKit/537.36 (KHTML, like Gecko) Chrome/147.0.0.0 Safari/537.36	0:0:0:0:0:0:0:1	t	2026-04-21 09:10:07.246721+00	2026-04-14 09:10:07.246721+00	2026-04-14 09:10:07.246721+00
0ae6e457-1368-48e6-9d91-513c39ac3394	18338ff9-86a8-4ec2-8459-0c8cadc7adc1	a179ee38-c390-4fff-b07d-a082273b868c	Mozilla/5.0 (Windows NT 10.0; Win64; x64) AppleWebKit/537.36 (KHTML, like Gecko) Chrome/147.0.0.0 Safari/537.36	0:0:0:0:0:0:0:1	t	2026-04-21 09:15:19.03619+00	2026-04-14 09:15:19.03619+00	2026-04-14 09:15:19.03619+00
4f2f8b65-517a-40c7-8f99-3e6b151ec44b	18338ff9-86a8-4ec2-8459-0c8cadc7adc1	303c7be1-a9a6-4359-b64c-f3f1a1fa61e9	Mozilla/5.0 (Windows NT 10.0; Win64; x64) AppleWebKit/537.36 (KHTML, like Gecko) Chrome/147.0.0.0 Safari/537.36	0:0:0:0:0:0:0:1	t	2026-04-21 09:15:28.751775+00	2026-04-14 09:15:28.751775+00	2026-04-14 09:15:28.751775+00
775bf1f4-6c77-474c-97b0-09802bbf3e6d	18338ff9-86a8-4ec2-8459-0c8cadc7adc1	f7ca0e62-9699-4bd7-b97f-2a6240b6e018	Mozilla/5.0 (Windows NT 10.0; Win64; x64) AppleWebKit/537.36 (KHTML, like Gecko) Chrome/147.0.0.0 Safari/537.36	0:0:0:0:0:0:0:1	t	2026-04-21 09:16:57.465917+00	2026-04-14 09:16:57.465917+00	2026-04-14 09:16:57.465917+00
166c4ae3-7781-4c06-9dcb-4fe3d36e7a44	18338ff9-86a8-4ec2-8459-0c8cadc7adc1	ef1b60ce-96e2-4146-a70c-ca7d0653106b	Mozilla/5.0 (Windows NT 10.0; Win64; x64) AppleWebKit/537.36 (KHTML, like Gecko) Chrome/147.0.0.0 Safari/537.36	0:0:0:0:0:0:0:1	t	2026-04-21 09:18:09.224232+00	2026-04-14 09:18:09.224232+00	2026-04-14 09:18:09.224232+00
54a484f6-9b36-44fa-9671-29e0bea2b9ad	18338ff9-86a8-4ec2-8459-0c8cadc7adc1	24c0094f-41ff-4094-aa94-14b0a531fafa	Mozilla/5.0 (Windows NT 10.0; Win64; x64) AppleWebKit/537.36 (KHTML, like Gecko) Chrome/147.0.0.0 Safari/537.36	0:0:0:0:0:0:0:1	t	2026-04-21 09:19:04.377854+00	2026-04-14 09:19:04.377854+00	2026-04-14 09:19:04.377854+00
8b9a688f-9113-486a-b5a7-9059057bd788	18338ff9-86a8-4ec2-8459-0c8cadc7adc1	89eeb999-a9bf-45e2-909a-9b004eac7580	Mozilla/5.0 (Windows NT 10.0; Win64; x64) AppleWebKit/537.36 (KHTML, like Gecko) Chrome/147.0.0.0 Safari/537.36	0:0:0:0:0:0:0:1	t	2026-04-21 09:20:56.786332+00	2026-04-14 09:20:56.786332+00	2026-04-14 09:20:56.786332+00
a7fb96c1-8cc2-4f30-affe-0bc996288577	18338ff9-86a8-4ec2-8459-0c8cadc7adc1	0a465082-5bd8-47bf-a7d1-c0807e731eb6	Mozilla/5.0 (Windows NT 10.0; Win64; x64) AppleWebKit/537.36 (KHTML, like Gecko) Chrome/147.0.0.0 Safari/537.36	0:0:0:0:0:0:0:1	t	2026-04-21 09:21:08.089838+00	2026-04-14 09:21:08.089838+00	2026-04-14 09:21:08.089838+00
70354b2a-0a26-4d81-9ea4-60e68c961c9d	18338ff9-86a8-4ec2-8459-0c8cadc7adc1	db866bf8-22bf-4556-adac-def141c6e402	Mozilla/5.0 (Windows NT 10.0; Win64; x64) AppleWebKit/537.36 (KHTML, like Gecko) Chrome/147.0.0.0 Safari/537.36	0:0:0:0:0:0:0:1	t	2026-04-21 09:22:11.632076+00	2026-04-14 09:22:11.632076+00	2026-04-14 09:22:11.632076+00
05a58c6e-24ed-4c85-b81a-99c59cd271ac	18338ff9-86a8-4ec2-8459-0c8cadc7adc1	0600fed7-ffdf-4076-930b-3f2dbae7dab5	Mozilla/5.0 (Windows NT 10.0; Win64; x64) AppleWebKit/537.36 (KHTML, like Gecko) Chrome/147.0.0.0 Safari/537.36	0:0:0:0:0:0:0:1	t	2026-04-21 09:24:24.364662+00	2026-04-14 09:24:24.364662+00	2026-04-14 09:24:24.364662+00
166dccfb-be97-4c73-9299-d19b846e754b	18338ff9-86a8-4ec2-8459-0c8cadc7adc1	dd3ff53c-f9fb-45ac-bdfa-7a839f0b00a7	Mozilla/5.0 (Windows NT 10.0; Win64; x64) AppleWebKit/537.36 (KHTML, like Gecko) Chrome/147.0.0.0 Safari/537.36	0:0:0:0:0:0:0:1	t	2026-04-21 09:25:04.845045+00	2026-04-14 09:25:04.845045+00	2026-04-14 09:25:04.845045+00
e6e966a5-4207-4470-b37c-9269c064e016	18338ff9-86a8-4ec2-8459-0c8cadc7adc1	b32f3881-5e3e-4958-869e-f56498baff7a	Mozilla/5.0 (Windows NT 10.0; Win64; x64) AppleWebKit/537.36 (KHTML, like Gecko) Chrome/147.0.0.0 Safari/537.36	0:0:0:0:0:0:0:1	t	2026-04-21 09:28:56.150369+00	2026-04-14 09:28:56.150369+00	2026-04-14 09:28:56.150369+00
8c1aeb56-dffc-40dc-80c5-bbe895618176	18338ff9-86a8-4ec2-8459-0c8cadc7adc1	73ef891d-fb0c-4e21-9c31-795edfff29f4	Mozilla/5.0 (Windows NT 10.0; Win64; x64) AppleWebKit/537.36 (KHTML, like Gecko) Chrome/147.0.0.0 Safari/537.36	0:0:0:0:0:0:0:1	t	2026-04-21 16:17:18.135878+00	2026-04-14 16:17:18.135878+00	2026-04-14 16:17:18.135878+00
c83526bd-87f8-4459-a19c-101c05ef3866	18338ff9-86a8-4ec2-8459-0c8cadc7adc1	798ef504-f85b-4ab7-a71a-5c8fbd302ffb	Mozilla/5.0 (Windows NT 10.0; Win64; x64) AppleWebKit/537.36 (KHTML, like Gecko) Chrome/147.0.0.0 Safari/537.36	0:0:0:0:0:0:0:1	t	2026-04-21 16:20:38.069131+00	2026-04-14 16:20:38.069131+00	2026-04-14 16:20:38.069131+00
60acf4b9-b6ff-4101-8757-20853e7db512	18338ff9-86a8-4ec2-8459-0c8cadc7adc1	4c48b00b-2237-4e9c-9990-e2fc698cf459	Mozilla/5.0 (Windows NT 10.0; Win64; x64) AppleWebKit/537.36 (KHTML, like Gecko) Chrome/147.0.0.0 Safari/537.36	0:0:0:0:0:0:0:1	t	2026-04-21 16:20:53.952128+00	2026-04-14 16:20:53.952128+00	2026-04-14 16:20:53.952128+00
23879ec8-0ecc-454a-91b8-37e76c5288d6	18338ff9-86a8-4ec2-8459-0c8cadc7adc1	09de2cb4-7060-44da-a195-314c87f3c68f	Mozilla/5.0 (Windows NT 10.0; Win64; x64) AppleWebKit/537.36 (KHTML, like Gecko) Chrome/147.0.0.0 Safari/537.36	0:0:0:0:0:0:0:1	t	2026-04-21 16:20:58.314195+00	2026-04-14 16:20:58.314195+00	2026-04-14 16:20:58.314195+00
9545b212-4290-43c5-84dc-6a59fece6ed9	18338ff9-86a8-4ec2-8459-0c8cadc7adc1	b57275f8-fe04-4e37-abbb-c16d9c03af02	Mozilla/5.0 (Windows NT 10.0; Win64; x64) AppleWebKit/537.36 (KHTML, like Gecko) Chrome/147.0.0.0 Safari/537.36	0:0:0:0:0:0:0:1	t	2026-04-21 16:21:29.644677+00	2026-04-14 16:21:29.644677+00	2026-04-14 16:21:29.644677+00
fb68a3fa-a8c6-4e28-a0f2-6d17c7f03b10	18338ff9-86a8-4ec2-8459-0c8cadc7adc1	023b99ed-8433-4669-8cfc-9926b7741919	Mozilla/5.0 (Windows NT 10.0; Win64; x64) AppleWebKit/537.36 (KHTML, like Gecko) Chrome/147.0.0.0 Safari/537.36	0:0:0:0:0:0:0:1	t	2026-04-21 16:21:34.921323+00	2026-04-14 16:21:34.921323+00	2026-04-14 16:21:34.921323+00
39501a4c-7037-445f-9177-c4a181ad2d2a	18338ff9-86a8-4ec2-8459-0c8cadc7adc1	119ab85f-8eba-4652-aaef-fca3ca48fe29	Mozilla/5.0 (Windows NT 10.0; Win64; x64) AppleWebKit/537.36 (KHTML, like Gecko) Chrome/147.0.0.0 Safari/537.36	0:0:0:0:0:0:0:1	t	2026-04-21 16:25:35.611958+00	2026-04-14 16:25:35.611958+00	2026-04-14 16:25:35.611958+00
3d13dd25-20e0-4da4-adf1-14dc18558c7a	18338ff9-86a8-4ec2-8459-0c8cadc7adc1	ac02a669-fd19-4197-8af3-a59e5d99adf9	Mozilla/5.0 (Windows NT 10.0; Win64; x64) AppleWebKit/537.36 (KHTML, like Gecko) Chrome/147.0.0.0 Safari/537.36	0:0:0:0:0:0:0:1	t	2026-04-21 16:31:10.326266+00	2026-04-14 16:31:10.326266+00	2026-04-14 16:31:10.326266+00
b177a0ab-4af2-4b70-9281-8d96d879b36a	18338ff9-86a8-4ec2-8459-0c8cadc7adc1	a9d855ad-c90b-47a0-8f69-89f8e5e0d859	Mozilla/5.0 (Windows NT 10.0; Win64; x64) AppleWebKit/537.36 (KHTML, like Gecko) Chrome/147.0.0.0 Safari/537.36	0:0:0:0:0:0:0:1	t	2026-04-25 05:55:40.497444+00	2026-04-18 05:55:40.497444+00	2026-04-18 05:55:40.497444+00
b43ba5de-55fa-49f8-a532-3cb4fdcb3db2	18338ff9-86a8-4ec2-8459-0c8cadc7adc1	0e360bad-f442-4bc8-82c0-d53c090cf20a	Mozilla/5.0 (Windows NT 10.0; Win64; x64) AppleWebKit/537.36 (KHTML, like Gecko) Chrome/147.0.0.0 Safari/537.36	0:0:0:0:0:0:0:1	t	2026-04-25 10:07:15.588164+00	2026-04-18 10:07:15.588164+00	2026-04-18 10:07:15.588164+00
63b560a1-55b9-42c7-bd80-7481a8b7eb39	18338ff9-86a8-4ec2-8459-0c8cadc7adc1	7a53f424-2183-471f-8cb4-fd45c5c2e4ea	Mozilla/5.0 (Windows NT 10.0; Win64; x64) AppleWebKit/537.36 (KHTML, like Gecko) Chrome/147.0.0.0 Safari/537.36	0:0:0:0:0:0:0:1	t	2026-04-25 10:08:08.249691+00	2026-04-18 10:08:08.249691+00	2026-04-18 10:08:08.249691+00
\.


--
-- Data for Name: users; Type: TABLE DATA; Schema: public; Owner: affkit
--

COPY public.users (id, email, full_name, password_hash, plan, is_verified, is_locked, locked_until, failed_attempts, created_at, updated_at) FROM stdin;
a25da581-9ed6-4244-a19c-302840bfb4f5	phunghuong18284l@gmail.com	Ph├╣ng V─ân H╞░╞íng	$2a$12$s2S1X2sxEIZccsxBq16sf.OoHNitiLM9BiHj7C0olF2I6yeg0FgGW	FREE	t	f	\N	0	2026-04-08 06:08:47.346787+00	2026-04-08 06:08:47.346787+00
3a1820f7-4af3-4bbb-b08a-7cc0f8d83833	test2@affkit.vn	Test User 2	$2a$12$Z8..gFsBXon85vot9XiWLee07TEtuDT155rnDr.06/IsA7CEWM.xe	FREE	f	f	\N	0	2026-04-08 06:49:59.648098+00	2026-04-08 06:49:59.648098+00
18338ff9-86a8-4ec2-8459-0c8cadc7adc1	phunghuong18284@gmail.com	Ph├╣ng V─ân H╞░╞íng	$2a$12$DRfrrAUIAH.UDCo5v7TSo.8bgz.E28PfWASrALac1Jx7IpIJ36BD.	FREE	t	f	\N	0	2026-04-08 15:24:47.935948+00	2026-04-18 10:08:00.180448+00
ea168138-03d6-41aa-9253-f8bd46f2e267	phunghuong1821984@gmail.com	Ph├╣ng H╞░╞íng	$2a$12$flKDxsaDNHlfgOrxxTDSXuUAsgbBpvHVKxW/QAhecCHTfagugFnti	FREE	t	f	\N	0	2026-04-19 12:27:15.372597+00	2026-04-19 12:34:00.769302+00
2c9a1f39-e666-4a6e-9ccf-1b05c95929a4	phunghuong16601@gmail.com	Phung  16601	$2a$12$xszC5YIr0FCn/8TdT8rZcuyawPPrP3mvCARnllC804Jdcj4BO7qma	FREE	t	f	\N	0	2026-04-19 12:39:56.367505+00	2026-04-19 12:41:13.821976+00
3b83d2a3-fdc3-4162-9c05-cd58e9e7cff8	phungvan8x01@gmail.com	phung van huong	$2a$12$3dKe4bS0DVGrKz/uZj9gb.7Pjl1I0SvM1aiVMVAIZWwHHysuwmI5e	FREE	t	f	\N	0	2026-04-19 12:47:12.27029+00	2026-04-19 12:48:41.777307+00
\.


--
-- Name: link_clicks_id_seq; Type: SEQUENCE SET; Schema: public; Owner: affkit
--

SELECT pg_catalog.setval('public.link_clicks_id_seq', 4, true);


--
-- Name: campaigns campaigns_pkey; Type: CONSTRAINT; Schema: public; Owner: affkit
--

ALTER TABLE ONLY public.campaigns
    ADD CONSTRAINT campaigns_pkey PRIMARY KEY (id);


--
-- Name: email_tokens email_tokens_pkey; Type: CONSTRAINT; Schema: public; Owner: affkit
--

ALTER TABLE ONLY public.email_tokens
    ADD CONSTRAINT email_tokens_pkey PRIMARY KEY (id);


--
-- Name: email_tokens email_tokens_token_unique; Type: CONSTRAINT; Schema: public; Owner: affkit
--

ALTER TABLE ONLY public.email_tokens
    ADD CONSTRAINT email_tokens_token_unique UNIQUE (token);


--
-- Name: flyway_schema_history flyway_schema_history_pk; Type: CONSTRAINT; Schema: public; Owner: affkit
--

ALTER TABLE ONLY public.flyway_schema_history
    ADD CONSTRAINT flyway_schema_history_pk PRIMARY KEY (installed_rank);


--
-- Name: link_clicks link_clicks_pkey; Type: CONSTRAINT; Schema: public; Owner: affkit
--

ALTER TABLE ONLY public.link_clicks
    ADD CONSTRAINT link_clicks_pkey PRIMARY KEY (id);


--
-- Name: link_tags link_tags_pkey; Type: CONSTRAINT; Schema: public; Owner: affkit
--

ALTER TABLE ONLY public.link_tags
    ADD CONSTRAINT link_tags_pkey PRIMARY KEY (id);


--
-- Name: link_tags link_tags_unique; Type: CONSTRAINT; Schema: public; Owner: affkit
--

ALTER TABLE ONLY public.link_tags
    ADD CONSTRAINT link_tags_unique UNIQUE (link_id, tag);


--
-- Name: links links_pkey; Type: CONSTRAINT; Schema: public; Owner: affkit
--

ALTER TABLE ONLY public.links
    ADD CONSTRAINT links_pkey PRIMARY KEY (id);


--
-- Name: links links_short_code_unique; Type: CONSTRAINT; Schema: public; Owner: affkit
--

ALTER TABLE ONLY public.links
    ADD CONSTRAINT links_short_code_unique UNIQUE (short_code);


--
-- Name: user_sessions sessions_refresh_token_unique; Type: CONSTRAINT; Schema: public; Owner: affkit
--

ALTER TABLE ONLY public.user_sessions
    ADD CONSTRAINT sessions_refresh_token_unique UNIQUE (refresh_token);


--
-- Name: user_sessions user_sessions_pkey; Type: CONSTRAINT; Schema: public; Owner: affkit
--

ALTER TABLE ONLY public.user_sessions
    ADD CONSTRAINT user_sessions_pkey PRIMARY KEY (id);


--
-- Name: users users_email_unique; Type: CONSTRAINT; Schema: public; Owner: affkit
--

ALTER TABLE ONLY public.users
    ADD CONSTRAINT users_email_unique UNIQUE (email);


--
-- Name: users users_pkey; Type: CONSTRAINT; Schema: public; Owner: affkit
--

ALTER TABLE ONLY public.users
    ADD CONSTRAINT users_pkey PRIMARY KEY (id);


--
-- Name: flyway_schema_history_s_idx; Type: INDEX; Schema: public; Owner: affkit
--

CREATE INDEX flyway_schema_history_s_idx ON public.flyway_schema_history USING btree (success);


--
-- Name: idx_campaigns_user_id; Type: INDEX; Schema: public; Owner: affkit
--

CREATE INDEX idx_campaigns_user_id ON public.campaigns USING btree (user_id) WHERE (is_archived = false);


--
-- Name: idx_email_tokens_token; Type: INDEX; Schema: public; Owner: affkit
--

CREATE INDEX idx_email_tokens_token ON public.email_tokens USING btree (token);


--
-- Name: idx_email_tokens_user_id; Type: INDEX; Schema: public; Owner: affkit
--

CREATE INDEX idx_email_tokens_user_id ON public.email_tokens USING btree (user_id);


--
-- Name: idx_links_campaign_id; Type: INDEX; Schema: public; Owner: affkit
--

CREATE INDEX idx_links_campaign_id ON public.links USING btree (campaign_id);


--
-- Name: idx_links_short_code; Type: INDEX; Schema: public; Owner: affkit
--

CREATE INDEX idx_links_short_code ON public.links USING btree (short_code);


--
-- Name: idx_links_user_id; Type: INDEX; Schema: public; Owner: affkit
--

CREATE INDEX idx_links_user_id ON public.links USING btree (user_id) WHERE (is_deleted = false);


--
-- Name: idx_user_sessions_refresh_token; Type: INDEX; Schema: public; Owner: affkit
--

CREATE INDEX idx_user_sessions_refresh_token ON public.user_sessions USING btree (refresh_token);


--
-- Name: idx_user_sessions_user_id; Type: INDEX; Schema: public; Owner: affkit
--

CREATE INDEX idx_user_sessions_user_id ON public.user_sessions USING btree (user_id);


--
-- Name: idx_users_email; Type: INDEX; Schema: public; Owner: affkit
--

CREATE INDEX idx_users_email ON public.users USING btree (email);


--
-- Name: campaigns campaigns_user_id_fkey; Type: FK CONSTRAINT; Schema: public; Owner: affkit
--

ALTER TABLE ONLY public.campaigns
    ADD CONSTRAINT campaigns_user_id_fkey FOREIGN KEY (user_id) REFERENCES public.users(id) ON DELETE CASCADE;


--
-- Name: email_tokens email_tokens_user_id_fkey; Type: FK CONSTRAINT; Schema: public; Owner: affkit
--

ALTER TABLE ONLY public.email_tokens
    ADD CONSTRAINT email_tokens_user_id_fkey FOREIGN KEY (user_id) REFERENCES public.users(id) ON DELETE CASCADE;


--
-- Name: link_clicks link_clicks_link_id_fkey; Type: FK CONSTRAINT; Schema: public; Owner: affkit
--

ALTER TABLE ONLY public.link_clicks
    ADD CONSTRAINT link_clicks_link_id_fkey FOREIGN KEY (link_id) REFERENCES public.links(id) ON DELETE CASCADE;


--
-- Name: link_tags link_tags_link_id_fkey; Type: FK CONSTRAINT; Schema: public; Owner: affkit
--

ALTER TABLE ONLY public.link_tags
    ADD CONSTRAINT link_tags_link_id_fkey FOREIGN KEY (link_id) REFERENCES public.links(id) ON DELETE CASCADE;


--
-- Name: links links_campaign_id_fkey; Type: FK CONSTRAINT; Schema: public; Owner: affkit
--

ALTER TABLE ONLY public.links
    ADD CONSTRAINT links_campaign_id_fkey FOREIGN KEY (campaign_id) REFERENCES public.campaigns(id) ON DELETE SET NULL;


--
-- Name: links links_user_id_fkey; Type: FK CONSTRAINT; Schema: public; Owner: affkit
--

ALTER TABLE ONLY public.links
    ADD CONSTRAINT links_user_id_fkey FOREIGN KEY (user_id) REFERENCES public.users(id) ON DELETE CASCADE;


--
-- Name: user_sessions user_sessions_user_id_fkey; Type: FK CONSTRAINT; Schema: public; Owner: affkit
--

ALTER TABLE ONLY public.user_sessions
    ADD CONSTRAINT user_sessions_user_id_fkey FOREIGN KEY (user_id) REFERENCES public.users(id) ON DELETE CASCADE;


--
-- Name: SCHEMA public; Type: ACL; Schema: -; Owner: affkit
--

REVOKE USAGE ON SCHEMA public FROM PUBLIC;


--
-- PostgreSQL database dump complete
--

\unrestrict XQTYiakYIBqF3gCp6qgeGjA6fzOmMsE4C6SqPrLhp2F13qQg5qdvQOa8yg2hTtw

